I_D;region;population;sex;age;education;income;statusquo;vote
1;N;175000;M;65;P;35000;1.0082;Y
2;N;175000;M;29;PS;7500;-1.29617;N
3;N;175000;F;38;P;15000;1.23072;Y
4;N;175000;F;49;P;35000;-1.03163;N
5;N;175000;F;23;S;35000;-1.10496;N
6;N;175000;F;28;P;7500;-1.04685;N
7;N;175000;M;26;PS;35000;-0.78626;N
8;N;175000;F;24;S;15000;-1.11348;N
9;N;175000;F;41;P;15000;-1.01292;U
10;N;175000;M;41;P;15000;-1.29617;N
11;N;175000;M;64;P;15000;1.36566;Y
12;N;175000;M;19;S;35000;1.02791;U
13;N;175000;F;46;S;75000;1.50684;Y
14;N;175000;M;22;S;15000;-1.14189;A
15;N;175000;F;20;PS;15000;-0.85579;N
16;N;175000;M;30;S;35000;-0.90689;U
17;N;175000;M;67;P;75000;1.32279;Y
18;N;175000;F;50;S;2500;-1.05805;U
19;N;175000;F;38;S;35000;1.38534;Y
20;N;175000;F;55;PS;35000;1.45602;Y
21;N;175000;M;18;S;75000;1.54808;Y
22;N;175000;F;24;PS;35000;1.61471;Y
23;N;175000;M;58;P;35000;1.52601;Y
24;N;175000;F;28;S;35000;0.55328;U
25;N;175000;F;34;P;7500;1.33619;A
26;N;175000;M;20;PS;35000;-0.89281;N
27;N;175000;M;53;PS;35000;-1.29617;A
28;N;175000;F;32;PS;35000;1.50986;Y
29;N;175000;F;37;PS;200000;0.96525;Y
30;N;175000;M;36;PS;7500;0.15489;U
31;N;175000;M;44;PS;35000;1.16851;N
32;N;175000;M;20;PS;15000;-1.29617;N
33;N;175000;F;36;P;35000;-0.35147;Y
34;N;175000;M;37;P;7500;1.43203;Y
35;N;175000;M;30;S;35000;0.2636;A
36;N;175000;M;30;P;15000;0.11067;Y
37;N;175000;F;19;P;15000;0.72102;A
38;N;125000;F;33;S;35000;1.00232;A
39;N;125000;M;30;S;15000;-1.1517;N
40;N;125000;F;37;PS;35000;1.40361;Y
41;N;125000;M;51;P;15000;0.52166;Y
42;N;125000;F;61;P;35000;0.79952;Y
43;N;125000;F;21;S;7500;0.53177;U
44;N;125000;F;70;P;15000;1.48894;Y
45;N;125000;M;35;S;35000;0.49674;Y
46;N;125000;M;68;P;35000;1.32695;Y
47;N;125000;F;25;P;35000;1.54808;Y
48;N;125000;F;50;P;7500;1.33168;Y
49;N;125000;F;24;S;35000;1.03408;Y
50;N;125000;M;66;P;35000;0.87984;U
51;N;125000;M;25;S;75000;-0.42448;A
52;N;125000;M;40;S;15000;-1.04016;N
53;N;125000;M;34;PS;125000;-1.10088;N
54;N;125000;M;18;S;35000;-0.37211;U
55;N;125000;F;52;S;35000;1.24649;Y
56;N;125000;F;35;S;35000;1.59577;Y
57;N;125000;M;51;S;75000;1.34999;Y
58;N;125000;M;33;PS;75000;1.33168;Y
59;N;125000;F;36;S;15000;0.80845;Y
60;N;125000;F;24;S;35000;-0.48981;U
61;N;125000;F;43;P;15000;1.04409;Y
62;N;125000;M;50;P;15000;-0.83203;U
63;N;125000;F;28;P;35000;1.5877;Y
64;N;125000;F;54;P;15000;0.90506;U
65;N;125000;M;19;S;7500;0.52845;N
66;N;125000;F;26;S;35000;1.45329;Y
67;N;125000;M;67;PS;75000;0.23095;A
68;N;125000;M;40;PS;35000;-0.52639;N
69;N;125000;M;19;PS;35000;-1.10706;N
70;N;125000;F;38;S;75000;1.06142;Y
71;N;125000;F;22;PS;35000;-1.30351;N
72;N;125000;M;38;PS;75000;0.27293;U
73;N;125000;F;36;S;75000;0.18447;A
74;N;125000;M;38;PS;35000;-1.29617;N
75;N;125000;M;19;S;35000;-0.02965;N
76;N;125000;M;32;PS;75000;1.48284;Y
77;N;125000;M;38;S;15000;-0.59145;U
78;N;125000;M;54;P;35000;-1.1921;N
79;N;125000;M;48;P;35000;1.02326;Y
80;N;125000;F;30;S;75000;-0.99223;N
81;N;125000;M;23;PS;35000;-1.10784;Y
82;N;125000;F;46;S;125000;1.5877;Y
83;N;125000;F;19;S;7500;-0.14772;U
84;N;125000;F;54;P;7500;0.22433;U
85;N;125000;M;23;S;15000;-1.12468;N
86;N;125000;M;68;P;7500;0.11359;U
87;N;125000;F;44;S;35000;-1.14579;N
88;N;125000;M;65;P;35000;1.02326;Y
89;N;125000;F;24;P;7500;-1.18567;N
90;N;125000;F;19;S;35000;1.05618;Y
91;N;125000;M;21;PS;15000;-0.7115;A
92;N;125000;F;53;P;75000;1.59943;Y
93;N;125000;F;38;P;15000;0.28099;U
94;N;125000;M;28;S;35000;-0.52335;A
95;N;125000;M;57;S;35000;-0.66752;N
96;N;250000;F;50;P;15000;-0.97742;Y
97;N;250000;M;45;P;2500;0.71898;N
98;N;250000;M;19;PS;15000;0.67533;U
99;N;250000;M;58;P;15000;1.27496;U
100;N;250000;F;18;S;125000;0.15214;N
101;N;250000;F;67;S;7500;-1.29617;N
102;N;250000;M;30;S;7500;-0.71641;N
103;N;250000;F;23;P;7500;-1.30366;N
104;N;250000;F;34;P;7500;-0.122;Y
105;N;250000;M;46;P;75000;-1.17441;N
106;N;250000;M;66;P;15000;-0.70463;U
107;N;250000;F;31;S;7500;0.00744;U
108;N;250000;M;18;S;15000;-0.71653;N
109;N;250000;M;69;P;7500;1.54808;Y
110;N;250000;M;21;S;35000;-0.78334;N
111;N;250000;M;41;PS;35000;0.25602;U
112;N;250000;F;28;PS;75000;1.23773;A
113;N;250000;F;34;P;35000;1.43203;Y
114;N;250000;F;35;S;35000;-1.29617;N
115;N;250000;F;50;S;125000;1.5877;Y
116;N;250000;M;66;S;75000;1.25462;Y
117;N;250000;M;22;PS;125000;-0.42219;N
118;N;250000;F;54;S;75000;-0.12077;N
119;N;250000;F;22;PS;35000;-0.27527;N
120;N;250000;F;70;P;75000;1.39831;Y
121;N;250000;M;29;S;75000;0.09897;U
122;N;250000;F;50;P;35000;-1.29617;N
123;N;250000;M;42;PS;75000;1.45861;Y
124;N;250000;M;33;S;7500;-1.29617;N
125;N;250000;M;52;P;35000;-1.03168;N
126;N;250000;F;55;S;15000;-1.29617;N
127;N;250000;F;50;P;35000;0.6853;Y
128;N;250000;F;24;P;7500;-1.2202;N
129;N;250000;F;26;PS;35000;-1.29617;N
130;N;250000;M;23;PS;35000;-1.01268;N
131;N;250000;F;55;S;35000;-0.38049;N
132;N;250000;F;37;S;35000;-0.46709;U
133;N;250000;M;38;PS;15000;-0.88584;N
134;N;250000;M;18;PS;75000;-1.21974;N
135;N;250000;M;36;S;35000;-0.40254;N
136;N;250000;F;36;S;7500;1.40604;Y
137;N;250000;F;65;PS;125000;-0.9981;N
138;N;250000;F;26;PS;75000;1.48284;Y
139;N;250000;F;55;S;75000;1.44104;Y
140;N;250000;F;59;S;35000;1.5877;Y
141;N;250000;M;18;S;15000;-0.70887;A
142;N;250000;M;70;P;7500;-0.36585;N
143;N;250000;F;24;PS;35000;1.27926;Y
144;N;250000;F;26;PS;75000;-1.10017;N
145;N;250000;F;44;PS;75000;1.44183;Y
146;N;250000;M;53;S;15000;-1.29617;N
147;N;250000;M;35;PS;125000;-0.72892;N
148;N;250000;F;26;PS;125000;1.4162;Y
149;N;250000;M;37;P;15000;0.41711;N
150;N;250000;F;70;PS;125000;1.44896;Y
151;N;250000;M;23;PS;35000;-1.25795;N
152;N;250000;F;18;S;35000;1.50986;Y
153;N;87500;M;41;PS;35000;-0.47135;A
154;N;87500;F;30;P;15000;1.60783;Y
155;N;87500;F;46;P;7500;1.51786;Y
156;N;87500;M;22;P;15000;-0.51949;N
157;N;87500;F;26;S;15000;-0.34236;A
158;N;87500;F;42;P;15000;1.54808;Y
159;N;87500;F;25;S;15000;1.37129;Y
160;N;87500;M;42;P;15000;1.5877;Y
161;N;87500;M;32;PS;75000;1.36312;Y
162;N;87500;F;51;P;2500;1.59607;Y
163;N;87500;M;18;S;15000;-1.10367;N
164;N;87500;F;44;PS;35000;-0.71653;N
165;N;87500;M;40;S;15000;-1.03937;N
166;N;87500;F;33;S;2500;-1.14317;N
167;N;87500;F;21;S;35000;0.54901;Y
168;N;87500;F;28;P;15000;1.19006;U
169;N;87500;F;37;S;7500;-0.6617;N
170;N;87500;F;58;P;7500;1.4527;Y
171;N;87500;M;37;S;75000;1.40361;Y
172;N;87500;M;18;P;35000;-0.12713;Y
173;N;45000;F;33;S;35000;0.9475;Y
174;N;45000;F;45;P;15000;0.83473;U
175;N;45000;F;34;S;15000;1.43653;Y
176;N;45000;M;25;PS;35000;0.32764;Y
177;N;45000;M;46;P;35000;1.56214;U
178;N;45000;F;63;P;7500;-0.78362;U
179;N;45000;F;53;P;15000;0.9948;Y
180;N;45000;M;32;S;35000;-0.16227;A
181;N;45000;F;31;PS;35000;0.98196;Y
182;N;45000;M;23;P;15000;0.37411;Y
183;N;45000;F;25;P;15000;1.33395;Y
184;N;45000;F;39;PS;15000;-0.59827;N
185;N;45000;F;25;P;15000;0.43403;Y
186;N;45000;M;48;P;7500;1.62138;Y
187;N;45000;M;65;S;2500;1.39445;A
188;N;45000;F;25;P;15000;1.5877;Y
189;N;45000;M;18;S;15000;1.4156;Y
190;N;45000;F;66;P;2500;-1.29617;N
191;N;3750;M;60;P;75000;-0.38693;N
192;N;3750;M;37;PS;35000;-0.58756;N
193;N;3750;F;61;S;15000;1.44401;U
194;N;3750;F;34;S;35000;0.02178;N
195;N;3750;M;28;S;15000;-0.66899;N
196;N;3750;M;59;P;35000;1.19563;Y
197;N;3750;M;21;P;15000;-0.04558;N
198;N;3750;F;27;S;2500;0.65137;Y
199;N;3750;F;53;NA;15000;0.57867;Y
200;N;3750;M;24;S;15000;-0.95939;N
201;N;3750;M;59;P;7500;1.41416;Y
202;N;3750;F;48;P;7500;1.21125;Y
203;N;3750;F;26;P;2500;1.50986;Y
204;N;3750;M;64;P;7500;0.98716;Y
205;N;3750;M;20;P;15000;1.05745;Y
206;N;3750;M;25;S;15000;0.34737;Y
207;N;3750;F;49;P;7500;0.15444;Y
208;N;3750;M;70;P;35000;-1.10356;N
209;N;3750;F;22;S;15000;1.05653;Y
210;N;3750;M;18;P;15000;0.0224;Y
211;N;125000;F;58;PS;35000;-0.82454;U
212;N;125000;M;31;S;35000;-0.91124;Y
213;N;125000;F;48;PS;35000;-0.82983;Y
214;N;125000;M;64;P;15000;1.33246;U
215;N;125000;F;23;S;15000;1.44853;Y
216;N;125000;F;59;P;7500;0.1502;U
217;N;125000;F;37;S;15000;-0.64763;U
218;N;125000;F;28;S;35000;-1.07837;N
219;N;125000;F;51;S;7500;-0.78943;U
220;N;125000;F;27;S;7500;0.29045;Y
221;N;125000;M;38;S;15000;-0.89647;N
222;N;125000;M;34;PS;35000;-1.29617;N
223;N;125000;F;46;P;2500;-1.29617;N
224;N;125000;M;25;S;7500;-0.92377;N
225;N;125000;M;29;S;75000;-0.6018;Y
226;N;125000;F;26;P;15000;1.3646;A
227;N;125000;F;34;P;7500;0.57019;Y
228;N;125000;M;66;P;7500;-0.18511;Y
229;N;125000;F;44;P;35000;1.51576;Y
230;N;125000;M;38;S;7500;0.07104;A
231;N;125000;M;39;S;7500;0.75719;Y
232;N;125000;F;22;S;15000;-1.07861;N
233;N;125000;F;47;P;15000;1.43653;Y
234;N;125000;M;24;S;35000;0.00883;Y
235;N;125000;M;27;S;35000;1.34829;Y
236;N;125000;F;21;S;75000;-1.15231;N
237;N;125000;M;36;PS;75000;1.01364;Y
238;N;125000;F;62;P;15000;0.23772;Y
239;N;125000;F;70;P;15000;1.25145;Y
240;N;125000;F;49;P;35000;0.61995;U
241;N;125000;M;33;S;35000;0.12409;A
242;N;125000;F;35;P;15000;-1.19054;N
243;N;125000;F;29;P;15000;1.23505;Y
244;N;125000;F;38;P;15000;1.24225;Y
245;N;125000;M;21;S;35000;-0.56293;N
246;N;125000;F;59;PS;35000;-1.18011;N
247;N;125000;M;59;P;15000;1.37738;Y
248;N;15000;M;63;P;7500;0.57069;A
249;N;15000;F;27;P;75000;-1.1401;A
250;N;15000;M;24;PS;35000;-0.89647;N
251;N;15000;F;37;P;15000;-0.33039;U
252;N;15000;M;30;S;35000;-0.95133;A
253;N;15000;M;53;P;15000;-1.03452;U
254;N;15000;F;31;S;15000;0.29023;Y
255;N;15000;M;27;P;15000;-0.20566;N
256;N;15000;F;29;P;35000;0.96777;Y
257;N;15000;F;33;P;15000;0.82724;Y
258;N;15000;F;27;P;15000;1.07644;Y
259;N;15000;M;66;P;15000;-0.53327;U
260;N;15000;M;27;P;7500;-1.29617;U
261;N;15000;F;50;P;35000;-0.82904;U
262;N;15000;M;64;P;7500;-1.19662;N
263;N;15000;F;59;P;7500;-0.0725;N
264;N;15000;F;32;S;15000;-0.87318;Y
265;N;15000;M;26;S;75000;1.55477;Y
266;N;15000;M;20;S;15000;-0.5265;A
267;N;15000;M;39;P;15000;1.3766;Y
268;N;87500;F;29;PS;15000;-1.23032;N
269;N;87500;F;47;P;35000;1.22543;Y
270;N;87500;M;68;P;15000;1.40952;Y
271;N;87500;M;19;P;7500;0.90496;U
272;N;87500;F;35;P;7500;-1.23032;Y
273;N;87500;F;29;P;7500;0.40561;Y
274;N;87500;M;58;P;15000;-1.29617;N
275;N;87500;M;70;P;15000;-0.13177;Y
276;N;87500;F;36;P;15000;-0.46162;N
277;N;87500;M;30;S;35000;-1.00254;N
278;N;87500;M;31;P;15000;-0.93686;Y
279;N;87500;M;31;P;7500;-0.89725;N
280;N;87500;F;30;P;7500;-1.11878;U
281;N;87500;M;37;S;15000;-1.29617;N
282;N;87500;F;48;P;7500;-1.23032;U
283;N;87500;F;52;P;15000;0.21063;N
284;N;87500;M;70;P;7500;0.07094;A
285;N;87500;F;50;P;15000;0.51411;Y
286;N;87500;F;29;P;15000;0.09532;A
287;N;25000;F;37;P;15000;1.17633;U
288;N;25000;M;68;P;15000;1.37208;Y
289;N;25000;F;29;P;35000;1.01672;Y
290;N;25000;F;35;P;2500;0.05559;Y
291;N;25000;M;24;S;7500;0.77841;Y
292;N;25000;F;60;S;35000;1.46136;Y
293;N;25000;M;21;S;35000;-1.00054;N
294;N;25000;M;53;PS;35000;-1.29617;N
295;N;25000;F;35;PS;35000;-0.81863;U
296;N;25000;F;60;P;7500;-0.69788;A
297;N;25000;F;26;S;7500;-1.03006;N
298;N;25000;M;28;S;15000;0.48311;A
299;N;25000;M;43;S;35000;-1.29617;N
300;N;25000;M;35;PS;200000;-0.95913;A
301;N;25000;F;23;P;15000;1.21184;Y
302;N;25000;M;26;S;15000;-1.1868;N
303;N;25000;F;58;P;35000;0.53257;N
304;N;25000;F;70;P;15000;1.33444;Y
305;C;25000;F;44;P;7500;-0.96154;U
306;C;25000;M;32;S;15000;-0.87595;N
307;C;25000;F;32;S;15000;0.73621;Y
308;C;25000;F;60;S;15000;-0.78119;N
309;C;25000;M;45;P;15000;1.08003;U
310;C;25000;F;45;P;15000;0.32158;U
311;C;25000;M;21;P;2500;1.03727;Y
312;C;25000;M;32;S;35000;-1.25795;N
313;C;25000;M;44;PS;35000;-1.29617;N
314;C;25000;M;56;S;75000;1.51576;Y
315;C;25000;F;67;P;15000;-0.52966;Y
316;C;25000;F;27;S;35000;1.19271;Y
317;C;25000;F;29;S;7500;-1.29617;N
318;C;25000;M;51;P;35000;-1.29617;N
319;C;25000;M;26;S;35000;-0.61861;N
320;C;25000;F;56;P;7500;-1.1209;A
321;C;25000;F;36;P;15000;-0.36391;U
322;C;25000;M;58;P;15000;-1.26325;N
323;C;25000;M;35;P;35000;0.08007;U
324;C;25000;M;34;P;35000;-1.29617;N
325;C;45000;F;56;P;7500;-1.25795;N
326;C;45000;F;24;P;7500;-1.29617;N
327;C;45000;M;20;S;35000;-1.29617;N
328;C;45000;M;21;S;35000;-1.19504;N
329;C;45000;M;58;S;35000;-1.14049;N
330;C;45000;F;33;S;75000;-0.30372;N
331;C;45000;M;35;S;75000;-1.21834;N
332;C;45000;F;32;P;15000;1.5877;Y
333;C;45000;F;40;PS;75000;-1.29617;N
334;C;45000;M;36;PS;200000;-0.21637;N
335;C;45000;F;18;S;35000;-0.31489;U
336;C;45000;M;57;PS;35000;1.43772;Y
337;C;45000;M;44;S;35000;-1.03566;N
338;C;45000;F;51;P;15000;1.15628;Y
339;C;45000;M;26;S;35000;-0.64455;N
340;C;45000;M;34;S;75000;0.66781;Y
341;C;45000;F;47;S;75000;-0.897;N
342;C;45000;F;18;S;75000;-0.92939;N
343;C;45000;M;51;PS;75000;-1.08055;N
344;C;62500;F;26;S;15000;0.66877;Y
345;C;62500;M;29;PS;75000;0.77374;Y
346;C;62500;F;27;P;15000;1.25914;Y
347;C;62500;F;57;S;2500;1.5877;Y
348;C;62500;M;67;P;7500;1.59802;Y
349;C;62500;F;30;S;35000;0.93454;Y
350;C;62500;M;21;S;15000;-1.06991;N
351;C;62500;M;68;P;15000;-1.29617;N
352;C;62500;F;38;S;15000;-1.00007;N
353;C;62500;M;21;S;75000;-0.6626;A
354;C;62500;M;50;S;75000;-1.14103;N
355;C;62500;F;19;S;15000;-1.14361;N
356;C;62500;F;57;S;15000;-1.29617;N
357;C;62500;F;51;S;15000;-1.15092;N
358;C;62500;M;69;P;15000;-1.29617;N
359;C;62500;M;22;PS;75000;-1.07977;N
360;C;62500;F;32;S;7500;-1.29617;N
361;C;62500;F;68;P;35000;-1.29617;N
362;C;62500;M;22;PS;35000;-1.29617;N
363;C;15000;M;48;P;15000;-0.75604;N
364;C;15000;M;31;P;7500;0.36202;Y
365;C;15000;F;25;S;15000;-0.86459;N
366;C;15000;F;52;P;7500;-0.72812;U
367;C;15000;M;39;P;35000;1.47024;Y
368;C;15000;M;68;NA;7500;-1.1415;U
369;C;15000;F;22;P;15000;1.54808;Y
370;C;15000;M;19;S;35000;-0.98933;N
371;C;15000;F;47;P;7500;0.15506;U
372;C;15000;M;18;P;35000;-0.99498;N
373;C;15000;F;33;S;35000;0.45262;U
374;C;15000;M;49;P;15000;0.18113;U
375;C;15000;F;40;S;7500;-0.75505;A
376;C;15000;M;28;P;15000;-0.36182;U
377;C;15000;F;37;S;15000;0.42459;Y
378;C;15000;F;38;S;35000;0.59831;U
379;C;15000;F;27;P;15000;-1.12193;U
380;C;15000;M;26;P;35000;1.19153;U
381;C;15000;M;21;P;35000;-0.72868;N
382;C;15000;M;54;P;7500;-1.09392;N
383;C;15000;M;27;S;35000;0.6118;U
384;C;15000;M;32;S;35000;-1.18933;N
385;C;15000;F;22;S;7500;-0.89654;A
386;C;15000;F;40;S;35000;-0.29904;A
387;C;15000;M;70;PS;15000;1.29276;Y
388;C;15000;M;42;S;35000;1.10717;Y
389;C;15000;M;20;PS;125000;0.4198;N
390;C;15000;F;23;PS;125000;0.30914;U
391;C;15000;F;64;P;7500;1.25272;Y
392;C;15000;M;21;PS;35000;1.44401;Y
393;C;15000;M;70;P;7500;-0.9845;U
394;C;15000;M;57;P;2500;-0.64767;N
395;C;15000;F;33;S;7500;0.11608;U
396;C;15000;F;57;P;2500;1.44738;Y
397;C;15000;M;38;P;7500;-0.59124;U
398;C;15000;M;30;P;2500;1.13733;U
399;C;15000;F;56;P;7500;-1.29617;N
400;C;15000;F;33;P;15000;-0.27875;U
401;C;15000;F;64;P;2500;-1.09626;U
402;C;250000;F;35;S;200000;-1.11826;N
403;C;250000;F;40;S;75000;1.05576;U
404;C;250000;M;66;P;75000;1.46885;Y
405;C;250000;M;22;S;35000;1.06974;A
406;C;250000;M;23;S;35000;-1.25795;N
407;C;250000;F;28;S;35000;-1.29617;N
408;C;250000;F;62;P;15000;-1.29617;N
409;C;250000;M;28;P;2500;-1.29617;N
410;C;250000;M;39;P;15000;0.75644;Y
411;C;250000;F;42;S;35000;1.22853;Y
412;C;250000;F;23;S;7500;-1.29617;N
413;C;250000;M;19;S;35000;-1.1113;N
414;C;250000;F;19;S;15000;-0.18302;U
415;C;250000;M;59;S;15000;-1.29617;N
416;C;250000;F;33;S;35000;-0.21633;N
417;C;250000;F;48;S;7500;0.29811;U
418;C;250000;M;44;PS;35000;-1.18151;N
419;C;250000;F;70;S;35000;-1.03066;U
420;C;250000;M;25;S;35000;0.76551;A
421;C;250000;F;57;S;15000;0.26703;Y
422;C;250000;F;23;S;15000;-1.21132;A
423;C;250000;M;47;P;15000;-1.29617;A
424;C;250000;M;23;P;7500;0.11608;A
425;C;250000;F;29;P;7500;0.11608;U
426;C;250000;M;30;P;7500;-0.96845;N
427;C;250000;F;38;S;7500;0.29811;U
428;C;250000;F;22;P;2500;-0.93017;N
429;C;250000;F;41;S;2500;-1.27556;U
430;C;250000;M;58;P;35000;-0.91779;A
431;C;250000;F;61;NA;75000;1.29824;Y
432;C;250000;F;29;S;15000;0.31346;U
433;C;250000;M;28;P;7500;-1.29617;N
434;C;250000;M;44;S;7500;1.37208;Y
435;C;250000;M;30;S;2500;-1.29617;N
436;C;250000;F;34;PS;15000;-1.29617;N
437;C;250000;F;43;P;35000;-0.56792;Y
438;C;250000;M;70;S;35000;-0.94371;N
439;C;250000;M;50;S;75000;0.53491;Y
440;C;250000;F;28;S;75000;-1.27876;N
441;C;250000;M;65;P;2500;1.47262;Y
442;C;250000;M;30;P;7500;1.1925;U
443;C;250000;F;22;S;7500;-1.33198;N
444;C;250000;F;69;S;75000;0.73645;U
445;C;250000;M;33;PS;75000;-1.29617;N
446;C;250000;F;36;S;7500;0.2074;A
447;C;250000;M;67;S;35000;-1.29617;N
448;C;250000;F;70;P;35000;-1.29617;N
449;C;250000;F;30;S;15000;-1.29617;N
450;C;250000;M;58;S;15000;1.09519;Y
451;C;250000;F;25;S;35000;-0.65599;N
452;C;250000;F;42;S;15000;-0.85881;N
453;C;250000;M;65;S;35000;-1.29617;N
454;C;250000;M;24;PS;15000;-1.03486;N
455;C;250000;F;19;P;7500;0.4159;Y
456;C;250000;M;23;S;35000;-0.75072;N
457;C;250000;M;39;P;35000;-1.29617;N
458;C;250000;F;37;P;15000;-1.00723;Y
459;C;250000;F;22;P;15000;0.03479;Y
460;C;250000;M;25;S;7500;0.04881;U
461;C;250000;F;31;P;35000;0.54258;U
462;C;250000;F;42;S;35000;1.23905;U
463;C;250000;F;27;S;35000;0.58567;U
464;C;250000;M;70;P;35000;-0.69434;N
465;C;250000;F;22;P;35000;-1.1824;N
466;C;250000;F;47;P;35000;0.127;Y
467;C;250000;M;22;S;35000;-1.07569;N
468;C;250000;M;58;PS;125000;-0.64344;N
469;C;250000;M;20;S;75000;-0.98357;U
470;C;250000;M;31;S;35000;-1.15421;N
471;C;250000;F;65;P;35000;0.04406;U
472;C;250000;F;23;S;35000;1.30163;Y
473;C;250000;M;39;PS;75000;0.86302;Y
474;C;250000;M;27;S;35000;0.87325;Y
475;C;250000;M;63;S;35000;-0.84928;N
476;C;250000;F;57;P;35000;-1.0169;U
477;C;250000;F;48;S;15000;0.27927;A
478;C;250000;F;19;S;75000;0.14576;A
479;C;250000;M;27;PS;200000;-0.22146;Y
480;C;250000;M;62;P;15000;-1.29617;N
481;C;250000;M;19;S;2500;-1.22301;N
482;C;250000;M;18;S;2500;-1.30351;Y
483;C;250000;F;34;S;7500;-1.25795;N
484;C;250000;F;39;P;75000;1.50846;Y
485;C;250000;F;26;PS;35000;-0.97459;N
486;C;250000;M;28;PS;35000;-0.27603;A
487;C;250000;M;59;PS;200000;0.84207;Y
488;C;250000;F;53;PS;15000;1.38659;Y
489;C;250000;F;26;PS;125000;-0.8109;N
490;C;250000;F;56;P;7500;-1.29617;N
491;C;250000;F;27;S;35000;1.34452;Y
492;C;250000;M;65;P;2500;-1.17732;N
493;C;250000;F;63;P;15000;-1.29617;N
494;C;250000;M;29;P;7500;-1.29617;N
495;C;250000;F;37;PS;35000;-1.29617;N
496;C;250000;F;32;S;200000;1.23437;Y
497;C;250000;M;25;S;125000;-0.80253;N
498;C;250000;M;70;S;75000;1.39831;Y
499;C;250000;M;60;S;200000;1.3094;Y
500;C;250000;M;48;S;200000;-0.54021;N
501;C;250000;F;70;S;35000;-0.13432;U
502;C;250000;F;22;PS;75000;-1.06935;N
503;C;250000;F;30;PS;35000;-0.1658;Y
504;C;250000;M;31;PS;75000;1.13365;Y
505;C;250000;M;28;S;15000;-0.32557;U
506;C;250000;F;45;S;35000;-0.90844;N
507;C;250000;F;70;S;35000;-1.19739;N
508;C;250000;F;23;PS;200000;-1.1886;N
509;C;250000;M;20;PS;75000;-0.12758;U
510;C;250000;M;52;S;15000;0.29255;U
511;C;250000;M;65;PS;35000;1.5877;Y
512;C;250000;F;37;S;7500;-1.29629;N
513;C;250000;M;24;S;75000;-0.68517;N
514;C;250000;F;18;S;15000;-1.25795;N
515;C;250000;M;41;P;2500;-1.29617;N
516;C;250000;F;28;S;15000;-1.25795;N
517;C;250000;F;19;S;15000;-0.08274;Y
518;C;250000;M;21;S;35000;-0.92488;A
519;C;250000;F;36;P;15000;-1.29617;U
520;C;8750;F;27;S;7500;0.3505;U
521;C;8750;F;40;S;15000;0.80306;Y
522;C;8750;M;25;S;35000;-0.9788;U
523;C;8750;F;69;P;7500;1.32322;Y
524;C;8750;M;70;P;200000;0.51325;Y
525;C;8750;M;39;P;2500;-0.86279;U
526;C;8750;M;70;P;7500;0.35125;U
527;C;8750;M;34;P;15000;1.5877;Y
528;C;8750;F;24;P;15000;1.12054;Y
529;C;8750;F;40;P;2500;1.2206;U
530;C;8750;M;35;P;15000;-0.21059;N
531;C;8750;F;53;P;35000;1.29609;Y
532;C;8750;M;31;S;35000;1.48693;Y
533;C;8750;M;62;P;75000;-1.14049;N
534;C;8750;F;33;S;2500;-0.81005;A
535;C;8750;M;20;S;75000;-0.08662;N
536;C;8750;M;61;P;75000;0.08005;U
537;C;8750;F;20;PS;35000;-0.88127;N
538;C;8750;F;50;P;2500;-1.13456;N
539;C;125000;F;36;S;35000;-1.18401;N
540;C;125000;M;63;P;75000;-0.34932;Y
541;C;125000;M;59;S;125000;1.33168;Y
542;C;125000;M;25;PS;75000;-0.04547;N
543;C;125000;F;23;S;35000;0.58791;Y
544;C;125000;M;21;PS;75000;-1.14049;N
545;C;125000;F;34;S;125000;-0.8795;A
546;C;125000;F;58;S;200000;1.21521;Y
547;C;125000;M;41;S;75000;-0.55437;N
548;C;125000;F;19;S;75000;1.01503;U
549;C;125000;F;54;P;15000;-0.5497;N
550;C;125000;F;20;P;15000;1.13325;U
551;C;125000;M;29;S;75000;-1.03701;N
552;C;125000;M;63;S;35000;-0.26969;N
553;C;125000;F;65;P;7500;-1.28897;U
554;C;125000;M;30;S;15000;-0.76805;A
555;C;125000;F;59;P;15000;1.00672;Y
556;C;125000;F;29;S;35000;1.06426;A
557;C;125000;M;44;P;15000;-0.13466;N
558;C;125000;F;32;S;35000;-0.18149;N
559;C;62500;F;25;P;2500;-1.29617;N
560;C;62500;F;38;S;35000;0.76091;Y
561;C;62500;M;19;S;75000;0.28186;A
562;C;62500;F;29;P;15000;0.00293;Y
563;C;62500;M;40;P;7500;1.43009;Y
564;C;62500;M;48;S;15000;-0.09579;Y
565;C;62500;F;21;S;15000;-0.56194;Y
566;C;62500;M;27;P;15000;1.5877;Y
567;C;62500;F;66;P;35000;1.40283;Y
568;C;62500;M;36;P;7500;-1.29617;N
569;C;62500;M;38;PS;7500;-1.22503;N
570;C;62500;F;18;P;7500;1.43653;Y
571;C;62500;F;40;P;7500;-1.09176;U
572;C;62500;F;53;P;2500;-1.29617;N
573;C;62500;M;23;S;15000;-0.60929;N
574;C;62500;M;60;P;15000;1.19498;Y
575;C;62500;F;24;P;75000;0.98906;A
576;C;62500;M;26;P;15000;0.85118;U
577;C;62500;F;53;P;15000;-1.29617;N
578;C;175000;F;39;S;35000;1.24709;Y
579;C;175000;F;19;S;15000;-0.66475;Y
580;C;175000;M;33;S;15000;-1.22285;N
581;C;175000;F;21;PS;35000;-1.29293;A
582;C;175000;M;39;S;35000;-0.5387;A
583;C;175000;F;30;P;15000;-0.26213;U
584;C;175000;M;37;S;35000;1.43793;Y
585;C;175000;F;38;P;2500;-1.21695;N
586;C;175000;F;46;P;2500;1.54808;Y
587;C;175000;M;21;S;75000;0.90752;Y
588;C;175000;F;35;S;200000;-1.00723;N
589;C;175000;F;64;S;75000;-1.27876;N
590;C;175000;M;33;PS;125000;-1.25795;N
591;C;175000;M;48;S;75000;0.73356;U
592;C;175000;F;55;P;2500;1.46184;U
593;C;175000;F;27;S;7500;-0.49793;A
594;C;175000;M;22;S;35000;-1.05257;N
595;C;175000;M;36;S;15000;-0.6507;N
596;C;175000;M;49;P;15000;-0.13599;U
597;C;175000;M;29;PS;35000;0.6494;A
598;C;175000;F;24;S;7500;-0.98901;N
599;C;175000;M;30;P;15000;-1.17312;N
600;C;175000;F;46;P;15000;0.97835;Y
601;C;175000;M;18;S;15000;-0.79884;N
602;C;175000;F;24;S;15000;0.26893;A
603;C;175000;F;56;P;15000;1.51126;Y
604;C;175000;F;20;S;15000;0.75833;Y
605;C;175000;M;40;S;125000;1.38337;Y
606;C;175000;F;18;PS;15000;-1.07377;N
607;C;175000;M;31;PS;125000;0.14096;U
608;C;175000;F;36;S;35000;0.92806;U
609;C;175000;F;39;S;75000;0.51058;U
610;C;175000;M;44;S;2500;0.47079;U
611;C;175000;F;29;S;35000;1.11235;Y
612;C;175000;M;30;P;15000;-0.69377;N
613;C;175000;F;50;P;15000;-0.93468;U
614;C;175000;M;66;P;7500;0.55558;Y
615;C;175000;M;64;P;15000;0.7835;Y
616;C;15000;F;54;PS;75000;1.30775;Y
617;C;15000;M;25;P;15000;-0.27405;U
618;C;15000;M;54;S;35000;0.96337;Y
619;C;15000;M;18;PS;35000;-0.72698;N
620;C;15000;F;24;S;35000;0.82449;A
621;C;15000;F;23;S;35000;1.28602;Y
622;C;15000;F;38;S;7500;0.19175;N
623;C;15000;M;36;S;15000;-1.11878;N
624;C;15000;F;33;S;35000;1.47024;Y
625;C;15000;F;37;PS;35000;1.34591;Y
626;C;15000;M;57;S;75000;-0.29196;U
627;C;15000;M;38;P;15000;-0.56775;N
628;C;15000;M;34;S;35000;-1.21974;N
629;C;15000;F;39;P;7500;1.5877;Y
630;C;15000;F;59;P;35000;0.49301;U
631;C;15000;M;29;S;15000;-1.22876;A
632;C;15000;M;70;P;15000;1.5877;Y
633;C;15000;F;34;PS;35000;0.01279;N
634;C;15000;F;30;S;35000;1.07897;Y
635;C;15000;M;35;PS;15000;-0.97431;N
636;C;15000;F;27;S;35000;1.32855;U
637;C;15000;F;31;S;2500;-0.92695;N
638;C;15000;M;34;S;35000;-0.70263;N
639;C;15000;F;67;P;15000;0.94646;U
640;C;15000;M;61;P;15000;0.56632;U
641;C;15000;M;59;P;15000;-1.14049;N
642;C;15000;M;44;P;7500;0.89793;Y
643;C;15000;F;33;P;7500;1.24161;Y
644;C;15000;M;34;P;7500;-0.54032;A
645;C;15000;M;22;P;15000;-1.22503;N
646;C;15000;M;43;P;75000;1.56817;Y
647;C;15000;M;68;S;2500;-1.29617;A
648;C;15000;F;40;P;2500;0.39304;A
649;C;15000;M;55;P;15000;0.32051;U
650;C;15000;M;22;S;15000;-0.40299;N
651;C;15000;M;64;P;7500;1.33395;U
652;C;15000;M;22;S;7500;-1.29617;N
653;C;15000;M;30;P;7500;-1.29617;N
654;C;15000;F;21;S;7500;0.40932;U
655;C;15000;F;37;P;7500;1.48894;Y
656;C;15000;F;38;S;35000;1.51326;Y
657;C;15000;M;34;S;7500;-1.14579;N
658;C;15000;F;30;S;35000;-1.30485;N
659;C;15000;M;60;P;7500;0.90604;Y
660;C;15000;M;45;P;15000;0.81951;Y
661;C;15000;M;42;P;7500;1.0111;N
662;C;15000;F;60;P;35000;-0.92728;U
663;C;15000;F;22;S;35000;1.11308;A
664;C;15000;M;23;S;7500;0.12472;U
665;C;15000;M;20;PS;15000;-1.0234;N
666;C;45000;F;60;P;2500;1.5877;Y
667;C;45000;M;53;P;2500;-1.29617;N
668;C;45000;F;30;P;7500;0.97;U
669;C;45000;F;58;P;15000;1.50846;Y
670;C;45000;M;28;S;7500;-0.6341;Y
671;C;45000;F;42;P;35000;0.1921;U
672;C;45000;M;40;PS;35000;1.44322;Y
673;C;45000;M;66;P;15000;1.29875;U
674;C;45000;M;28;S;7500;-1.01171;A
675;C;45000;F;60;P;15000;-0.62453;Y
676;C;45000;F;30;S;15000;-1.21873;N
677;C;45000;M;24;P;15000;-1.29617;N
678;C;45000;M;63;PS;75000;-0.98189;N
679;C;45000;F;25;PS;35000;1.40361;Y
680;C;25000;F;49;P;7500;-0.612;U
681;C;25000;F;25;P;15000;0.84305;Y
682;C;25000;F;37;S;35000;0.63836;U
683;C;25000;M;19;S;75000;0.06239;N
684;C;25000;M;53;S;35000;1.33246;Y
685;C;25000;F;37;S;35000;0.16682;U
686;C;25000;M;44;S;35000;0.87593;Y
687;C;25000;M;31;S;75000;0.16466;U
688;C;25000;F;29;S;35000;0.03032;U
689;C;25000;F;21;P;7500;0.78563;A
690;C;25000;F;58;P;7500;1.68665;Y
691;C;25000;M;22;P;15000;-1.26325;N
692;C;25000;M;68;P;2500;-0.80882;N
693;C;25000;F;47;PS;15000;-0.67532;U
694;C;25000;F;30;P;15000;1.41999;Y
695;C;25000;M;21;P;15000;-1.06433;N
696;C;25000;M;50;S;35000;0.24274;U
697;C;25000;M;38;PS;35000;-0.75159;N
698;C;87500;F;19;S;7500;-0.96542;U
699;C;87500;F;60;P;15000;-0.16861;N
700;C;87500;M;64;P;7500;0.60565;U
701;C;87500;M;25;P;35000;0.36082;A
702;C;87500;F;60;P;15000;0.1327;U
703;C;87500;M;27;PS;75000;-0.73188;N
704;C;87500;M;26;PS;35000;-1.14103;N
705;C;87500;F;23;PS;35000;-0.96823;N
706;C;87500;F;60;P;35000;1.03942;Y
707;C;87500;M;52;PS;75000;-1.29617;N
708;C;87500;F;45;PS;35000;0.32782;Y
709;C;87500;F;23;P;15000;-0.52933;U
710;C;87500;M;43;P;15000;-1.11878;N
711;C;87500;M;35;PS;75000;-1.29617;N
712;C;87500;F;22;P;2500;1.3924;Y
713;C;87500;M;22;P;15000;-0.80408;N
714;C;87500;F;51;P;2500;1.47157;Y
715;C;87500;M;42;P;15000;0.27852;U
716;C;87500;M;44;P;15000;-1.01069;U
717;C;175000;F;37;PS;35000;-1.05333;N
718;C;175000;M;40;PS;35000;-0.12877;N
719;C;175000;F;19;S;7500;0.13374;U
720;C;175000;F;28;S;7500;-1.11442;U
721;C;175000;M;49;P;15000;-1.19148;N
722;C;175000;M;55;P;15000;-0.55326;N
723;C;175000;M;24;P;15000;-1.25986;N
724;C;175000;F;44;S;7500;-1.15622;U
725;C;175000;M;20;S;15000;0.27435;A
726;C;175000;F;40;PS;75000;0.79492;U
727;C;175000;M;49;PS;200000;-1.21834;N
728;C;175000;F;53;S;15000;1.5877;Y
729;C;175000;F;20;P;2500;1.1384;Y
730;C;175000;M;20;S;15000;0.29898;Y
731;C;175000;F;27;PS;35000;-1.18011;N
732;C;175000;M;36;PS;75000;-0.70445;N
733;C;175000;F;18;S;75000;0.98417;A
734;C;175000;M;50;P;15000;-1.29617;N
735;C;175000;F;40;P;15000;-1.29617;N
736;C;175000;M;21;S;75000;-1.29617;N
737;C;175000;M;43;P;15000;-1.29617;N
738;C;175000;F;23;S;7500;-0.81291;A
739;C;175000;F;39;P;7500;1.5877;Y
740;C;175000;M;54;S;35000;1.21952;U
741;C;175000;M;22;S;35000;0.74317;Y
742;C;175000;F;42;P;15000;-1.29617;N
743;C;175000;M;18;S;75000;0.90886;A
744;C;175000;F;20;P;35000;-1.14456;N
745;C;175000;F;29;S;15000;0.91463;Y
746;C;175000;M;40;P;35000;0.78439;U
747;C;175000;F;60;P;7500;-1.15225;N
748;C;175000;F;35;P;15000;0.9464;Y
749;C;175000;M;39;P;7500;0.42314;U
750;C;175000;M;26;S;15000;-0.79157;N
751;C;175000;M;19;PS;35000;0.35572;Y
752;C;175000;F;47;P;15000;-0.32176;U
753;C;175000;F;23;S;7500;-0.7989;A
754;C;175000;F;45;P;7500;0.44717;Y
755;C;175000;M;52;P;15000;1.22444;U
756;C;175000;F;28;PS;125000;0.06371;Y
757;C;175000;M;39;PS;200000;-0.19457;N
758;C;175000;F;41;PS;75000;1.41116;Y
759;C;175000;M;30;S;15000;-0.61942;U
760;C;175000;F;32;S;15000;-0.99973;N
761;C;175000;M;29;S;35000;-1.07308;N
762;C;175000;M;31;PS;35000;-0.7163;N
763;C;175000;F;42;PS;35000;-1.00592;N
764;C;175000;F;25;S;15000;-0.97034;U
765;C;175000;F;58;P;7500;0.06874;U
766;C;175000;M;28;S;75000;-0.99275;N
767;C;175000;M;40;P;15000;-0.08067;U
768;C;25000;F;29;P;7500;-0.78136;U
769;C;25000;F;54;P;7500;0.26943;U
770;C;25000;M;33;P;15000;1.17576;U
771;C;25000;F;37;P;15000;1.47615;Y
772;C;25000;M;54;P;7500;0.96198;Y
773;C;25000;M;65;P;15000;0.79963;Y
774;C;25000;F;29;S;15000;-0.39404;U
775;C;25000;M;19;S;35000;-0.73973;N
776;C;25000;M;26;PS;35000;-1.08349;N
777;C;25000;F;45;P;15000;1.56861;Y
778;C;25000;F;34;S;15000;-0.92196;U
779;C;25000;M;39;P;7500;-1.29617;N
780;C;25000;M;36;P;7500;0.80323;Y
781;C;25000;M;47;S;15000;0.29779;Y
782;C;25000;F;30;P;7500;0.24277;U
783;C;25000;F;59;P;15000;1.5877;Y
784;C;25000;M;26;PS;15000;-0.01365;U
785;C;62500;M;52;P;2500;-0.9757;N
786;C;62500;F;21;P;15000;0.63187;U
787;C;62500;M;19;PS;75000;-0.64524;N
788;C;62500;F;20;S;35000;0.81443;Y
789;C;62500;M;20;S;7500;0.71902;Y
790;C;62500;F;47;P;15000;0.35864;Y
791;C;62500;F;25;S;15000;-1.08876;N
792;C;62500;M;42;S;15000;1.09242;Y
793;C;62500;M;40;P;35000;1.43653;Y
794;C;62500;F;29;PS;75000;-0.83828;N
795;C;62500;F;58;P;15000;0.32249;A
796;C;62500;M;40;PS;35000;-0.54836;N
797;C;62500;M;27;PS;35000;-1.25795;N
798;C;62500;F;38;S;75000;0.04945;Y
799;C;62500;F;30;S;35000;0.78044;U
800;C;62500;F;45;P;35000;-1.25861;N
801;C;62500;M;21;S;15000;0.0958;U
802;C;62500;M;25;S;35000;-1.00739;N
803;C;62500;M;50;P;15000;-0.82423;N
804;C;15000;M;28;P;7500;1.55041;U
805;C;15000;F;24;S;15000;1.21971;U
806;C;15000;F;65;S;15000;0.25733;Y
807;C;15000;M;42;S;7500;-0.82337;N
808;C;15000;F;48;P;15000;0.57449;Y
809;C;15000;F;25;P;15000;0.71863;U
810;C;15000;M;46;S;35000;-0.2559;N
811;C;15000;M;44;P;35000;-0.25763;U
812;C;15000;M;23;P;15000;0.41138;A
813;C;15000;M;48;P;7500;1.00124;Y
814;C;15000;M;29;P;7500;1.28046;Y
815;C;15000;F;18;P;2500;-0.76832;Y
816;C;15000;M;23;S;7500;0.02383;Y
817;C;15000;M;70;P;7500;-1.29617;N
818;C;15000;F;30;S;7500;1.31961;U
819;C;15000;F;46;P;2500;0.69169;Y
820;C;15000;M;70;P;7500;1.3601;Y
821;C;25000;F;69;P;7500;1.32047;Y
822;C;25000;M;56;P;7500;1.4702;U
823;C;25000;M;22;P;7500;1.35787;Y
824;C;25000;M;34;S;15000;0.39928;U
825;C;25000;F;19;S;15000;0.90219;U
826;C;25000;F;20;P;35000;1.08088;Y
827;C;25000;M;29;S;35000;0.65511;U
828;C;25000;F;46;P;2500;0.75797;Y
829;C;25000;M;61;P;2500;1.47615;Y
830;C;25000;M;65;P;15000;0.6589;U
831;C;25000;F;41;P;7500;1.4045;Y
832;C;25000;M;18;P;2500;-1.22876;N
833;C;25000;M;50;P;7500;1.45616;Y
834;C;25000;F;28;S;15000;1.55465;Y
835;C;25000;F;19;S;7500;1.50229;Y
836;C;25000;M;27;S;15000;0.58726;A
837;C;25000;F;39;P;7500;0.76371;U
838;C;25000;M;70;P;7500;1.04827;U
839;C;25000;F;45;P;7500;0.40629;U
840;C;25000;F;32;P;7500;1.5877;Y
841;C;25000;M;22;S;15000;-0.95379;N
842;C;25000;F;60;P;7500;1.5877;Y
843;C;25000;M;64;P;7500;1.43653;Y
844;C;25000;F;30;S;35000;0.68807;Y
845;C;25000;M;24;PS;15000;-1.19137;N
846;C;25000;F;21;P;15000;1.33829;Y
847;C;25000;F;49;S;7500;1.35481;Y
848;C;25000;M;54;P;15000;0.9338;U
849;C;25000;M;24;P;15000;-1.22258;N
850;C;25000;M;18;S;75000;-0.88064;N
851;C;25000;M;62;P;35000;1.55678;U
852;C;25000;F;44;P;7500;0.91033;U
853;C;25000;F;18;S;35000;0.34316;Y
854;C;25000;M;27;P;35000;-0.02385;Y
855;S;125000;M;18;S;15000;1.29424;Y
856;S;125000;M;44;P;2500;-1.29617;N
857;S;125000;F;31;PS;15000;-1.29617;N
858;S;125000;F;58;S;35000;-1.29617;N
859;S;125000;M;68;P;7500;-1.29617;N
860;S;125000;F;47;P;7500;1.54802;Y
861;S;125000;F;22;P;7500;0.5492;Y
862;S;125000;M;40;PS;75000;1.43203;Y
863;S;125000;M;35;P;2500;1.17367;Y
864;S;125000;M;65;S;15000;1.1643;Y
865;S;125000;M;35;P;15000;0.85852;U
866;S;125000;F;18;P;7500;1.26956;Y
867;S;125000;F;66;S;15000;0.40663;A
868;S;125000;F;22;S;7500;0.96938;Y
869;S;125000;M;23;S;15000;-0.73957;N
870;S;125000;M;60;P;2500;0.6589;U
871;S;125000;M;21;P;2500;1.25084;Y
872;S;125000;F;54;P;15000;0.69887;Y
873;S;45000;M;40;P;75000;0.46287;U
874;S;45000;F;19;S;15000;0.81279;U
875;S;45000;M;32;P;75000;0.99576;U
876;S;45000;F;54;P;75000;0.23543;U
877;S;45000;M;35;P;2500;1.00383;U
878;S;45000;F;19;PS;15000;-0.5488;U
879;S;45000;F;40;P;7500;0.66545;U
880;S;45000;M;25;P;2500;1.25306;Y
881;S;45000;M;48;S;35000;-1.29617;N
882;S;45000;M;37;PS;35000;0.19914;Y
883;S;45000;F;32;S;7500;0.21006;U
884;S;45000;F;18;S;7500;1.31037;Y
885;S;45000;M;53;PS;75000;1.48547;Y
886;S;45000;M;25;PS;35000;1.1538;Y
887;S;45000;F;45;P;2500;-0.60865;U
888;S;45000;F;54;S;7500;-0.2688;N
889;S;45000;F;60;P;75000;-0.89149;Y
890;S;45000;F;18;P;75000;-0.97181;N
891;S;45000;F;49;PS;2500;-0.86092;N
892;S;45000;M;30;P;7500;1.04754;Y
893;S;15000;M;33;P;7500;0.20483;Y
894;S;15000;F;36;P;7500;-1.26247;N
895;S;15000;M;62;P;2500;1.30792;Y
896;S;15000;F;21;S;15000;-0.78802;N
897;S;15000;M;36;P;15000;-0.72822;N
898;S;15000;F;65;P;7500;0.82519;U
899;S;15000;F;22;PS;7500;0.24983;U
900;S;15000;M;25;S;15000;-1.18323;N
901;S;15000;M;63;P;2500;1.43793;Y
902;S;15000;M;26;S;35000;-1.10367;N
903;S;15000;M;67;S;2500;-0.82983;U
904;S;15000;M;25;P;35000;-0.40224;A
905;S;15000;F;30;S;35000;0.2461;U
906;S;15000;F;70;P;7500;-1.16134;U
907;S;15000;F;27;S;15000;1.40733;U
908;S;15000;M;27;PS;35000;-0.50424;N
909;S;15000;F;61;P;7500;1.1493;Y
910;S;15000;M;27;P;2500;1.09701;Y
911;S;15000;F;70;P;7500;0.86323;U
912;S;15000;M;53;S;35000;0.71448;Y
913;S;8750;M;36;P;7500;1.0188;Y
914;S;8750;M;19;P;7500;0.83115;Y
915;S;8750;M;28;S;15000;-1.00723;N
916;S;8750;F;50;P;7500;-1.08585;N
917;S;8750;F;20;P;2500;-0.96528;N
918;S;8750;M;65;P;7500;0.93522;Y
919;S;8750;F;36;P;7500;1.55399;Y
920;S;8750;M;60;S;125000;0.97823;Y
921;S;8750;F;28;S;35000;1.40361;Y
922;S;8750;M;28;S;35000;1.33246;Y
923;S;8750;F;48;S;7500;1.43732;Y
924;S;8750;M;58;P;7500;1.5877;Y
925;S;8750;F;25;S;2500;-0.93058;U
926;S;8750;M;60;P;7500;1.25541;U
927;S;8750;F;25;S;15000;0.10978;U
928;S;8750;F;19;S;35000;0.81609;Y
929;S;8750;M;23;S;75000;1.32935;Y
930;S;8750;F;59;P;15000;0.07679;U
931;S;8750;M;37;P;15000;1.51284;N
932;S;125000;F;37;P;15000;0.01293;A
933;S;125000;F;31;S;7500;0.90908;Y
934;S;125000;M;27;P;7500;-1.1464;N
935;S;125000;M;41;S;15000;-0.9406;N
936;S;125000;M;37;P;15000;0.74986;Y
937;S;125000;M;68;P;15000;0.38388;U
938;S;125000;M;25;P;7500;0.3898;U
939;S;125000;M;25;P;7500;0.96249;Y
940;S;125000;F;42;P;7500;0.401;Y
941;S;125000;F;23;P;2500;1.5877;Y
942;S;125000;F;32;S;15000;1.55477;Y
943;S;125000;M;59;S;2500;-0.69048;Y
944;S;125000;M;28;S;15000;1.36539;Y
945;S;125000;F;37;S;15000;-0.40457;U
946;S;125000;F;42;P;15000;1.39692;Y
947;S;125000;M;36;S;35000;0.16282;Y
948;S;125000;M;26;S;35000;1.25257;Y
949;S;125000;F;42;P;15000;0.31096;Y
950;S;125000;F;18;S;35000;1.40361;Y
951;S;125000;F;35;PS;35000;-0.31346;N
952;S;25000;F;23;P;35000;-0.78492;A
953;S;25000;F;45;P;15000;1.27441;Y
954;S;25000;M;20;PS;35000;-0.3202;A
955;S;25000;M;62;P;15000;0.99792;Y
956;S;25000;M;50;P;35000;0.1526;A
957;S;25000;F;21;P;15000;1.09549;Y
958;S;25000;F;40;P;35000;0.10905;Y
959;S;25000;M;67;P;15000;-0.87023;U
960;S;25000;M;19;P;35000;-0.97943;N
961;S;25000;M;22;S;15000;-0.08141;Y
962;S;25000;M;48;PS;15000;0.80633;Y
963;S;25000;F;49;P;7500;0.13589;U
964;S;25000;M;27;P;15000;-0.0728;U
965;S;25000;F;38;S;15000;1.27567;Y
966;S;25000;M;23;S;15000;-0.96901;N
967;S;25000;F;47;P;7500;0.14576;Y
968;S;25000;F;35;S;7500;1.54808;Y
969;S;25000;M;24;S;2500;0.24455;Y
970;S;25000;F;22;S;15000;1.43793;Y
971;S;25000;M;54;P;7500;-0.91601;U
972;S;25000;F;25;S;7500;1.21252;A
973;S;25000;M;59;P;2500;1.39241;Y
974;S;25000;M;30;S;7500;-0.37017;Y
975;S;25000;M;26;P;7500;1.18326;Y
976;S;25000;F;41;S;15000;1.36173;Y
977;S;25000;F;52;P;2500;-0.79576;U
978;S;25000;F;21;PS;15000;-1.29617;N
979;S;25000;M;36;P;7500;-0.0493;N
980;S;25000;M;28;P;2500;0.13858;U
981;S;25000;M;42;P;2500;0.12341;Y
982;S;25000;F;22;PS;35000;-0.7125;N
983;S;25000;F;36;S;35000;-0.0338;U
984;S;25000;F;36;PS;35000;0.21687;U
985;S;25000;M;57;P;7500;-0.43126;U
986;S;25000;M;20;P;7500;0.2575;Y
987;S;25000;F;37;P;2500;1.5877;Y
988;S;25000;M;23;S;2500;-1.19739;N
989;S;25000;F;24;P;2500;1.46885;Y
990;S;25000;F;29;P;7500;1.3587;A
991;S;25000;M;55;P;7500;1.47615;Y
992;S;250000;M;48;PS;35000;0.40498;Y
993;S;250000;F;23;S;35000;-1.29293;N
994;S;250000;M;40;S;35000;-1.1517;N
995;S;250000;M;20;S;35000;0.98762;Y
996;S;250000;F;38;PS;75000;0.05047;Y
997;S;250000;F;26;S;15000;-0.88716;N
998;S;250000;F;49;S;15000;-1.07783;A
999;S;250000;M;55;S;35000;-0.1693;N
1000;S;250000;M;39;PS;75000;-0.9353;N
1001;S;250000;F;18;S;200000;0.11608;U
1002;S;250000;M;21;PS;75000;-0.80281;N
1003;S;250000;F;33;S;75000;-1.0632;N
1004;S;250000;M;42;PS;125000;-1.03503;N
1005;S;250000;F;24;S;35000;1.26582;Y
1006;S;250000;F;21;S;15000;-0.05113;Y
1007;S;250000;M;52;PS;7500;0.51881;U
1008;S;250000;F;70;S;75000;1.25757;U
1009;S;250000;F;26;P;7500;0.64423;Y
1010;S;250000;F;53;P;7500;-0.07279;N
1011;S;250000;M;21;P;15000;0.53116;Y
1012;S;250000;F;34;P;15000;0.52985;U
1013;S;250000;M;60;P;35000;1.40283;Y
1014;S;250000;F;28;S;7500;-1.14049;N
1015;S;250000;F;19;S;35000;-1.09015;N
1016;S;250000;M;45;PS;35000;-0.56055;N
1017;S;250000;M;18;S;15000;-0.92939;N
1018;S;250000;M;21;S;15000;-0.16832;N
1019;S;250000;F;37;P;35000;1.04304;Y
1020;S;250000;F;24;P;7500;-0.88666;Y
1021;S;250000;M;36;PS;75000;-1.2204;N
1022;S;250000;F;39;PS;200000;-1.19438;N
1023;S;250000;F;40;PS;200000;1.3454;Y
1024;S;250000;M;55;PS;200000;-1.21974;N
1025;S;250000;M;22;PS;15000;-0.81078;N
1026;S;250000;F;26;P;7500;0.02034;U
1027;S;250000;M;25;PS;35000;1.3274;Y
1028;S;250000;F;51;S;15000;-1.0312;U
1029;S;250000;F;39;P;75000;-0.28245;N
1030;S;250000;F;39;S;15000;-1.30713;N
1031;S;250000;F;50;NA;2500;-1.29617;N
1032;S;250000;M;22;PS;35000;-1.1517;N
1033;S;250000;F;21;S;35000;-1.01948;U
1034;S;250000;M;47;S;15000;-0.97273;N
1035;S;250000;F;23;S;2500;1.35949;Y
1036;S;250000;M;32;S;7500;0.43679;U
1037;S;250000;M;37;S;15000;-0.48129;N
1038;S;250000;F;24;S;15000;-1.18602;N
1039;S;250000;M;65;P;15000;-1.29617;N
1040;S;250000;F;65;P;15000;-0.22181;U
1041;S;250000;M;41;S;75000;-0.78299;N
1042;S;250000;M;22;S;15000;-0.69824;N
1043;S;250000;M;48;P;2500;-1.09862;A
1044;S;250000;F;40;P;2500;-1.22285;N
1045;S;250000;F;24;PS;200000;0.75867;U
1046;S;250000;M;62;P;35000;-1.10181;U
1047;S;250000;F;30;S;7500;-0.72077;N
1048;S;250000;M;31;PS;15000;-1.05625;N
1049;S;250000;M;29;PS;15000;-0.08136;N
1050;S;250000;F;48;P;7500;-1.29617;N
1051;S;250000;F;53;P;2500;0.55703;Y
1052;S;250000;F;22;P;15000;-1.05197;Y
1053;S;250000;M;30;S;7500;-1.04084;N
1054;S;250000;M;43;S;15000;-1.29617;N
1055;S;250000;M;38;S;15000;-1.21232;N
1056;S;250000;F;39;S;125000;-0.43399;U
1057;S;250000;M;40;PS;75000;-1.11744;N
1058;S;250000;F;66;PS;75000;-1.04075;N
1059;S;250000;M;30;PS;75000;-1.06681;N
1060;S;250000;F;26;S;35000;1.39831;Y
1061;S;250000;F;28;S;7500;-1.00003;N
1062;S;250000;M;35;P;15000;0.34456;Y
1063;S;250000;F;46;S;2500;1.07149;U
1064;S;250000;F;19;S;35000;0.25636;A
1065;S;250000;M;65;P;2500;-1.29617;N
1066;S;250000;M;22;S;35000;-0.29019;Y
1067;S;250000;F;53;P;2500;1.5877;Y
1068;S;250000;F;18;P;2500;0.43869;N
1069;S;250000;M;33;S;35000;-0.97949;N
1070;S;250000;M;53;P;7500;-1.10088;N
1071;S;250000;M;33;P;15000;1.47476;Y
1072;S;250000;M;37;P;15000;-0.05639;U
1073;S;250000;F;34;P;7500;-0.9089;N
1074;S;250000;F;36;P;15000;0.47789;Y
1075;S;250000;F;36;S;7500;-0.75762;U
1076;S;250000;F;38;S;75000;-0.67253;N
1077;S;250000;M;22;S;15000;-0.88058;N
1078;S;250000;F;18;PS;35000;-1.06673;N
1079;S;250000;F;31;PS;75000;-1.07899;N
1080;S;250000;F;18;S;7500;-0.99975;N
1081;S;250000;F;36;S;15000;-0.71567;A
1082;S;250000;M;56;PS;35000;-1.20544;N
1083;S;250000;F;70;S;35000;1.43203;N
1084;S;250000;F;22;PS;7500;-1.29617;N
1085;S;250000;M;30;P;15000;0.25023;Y
1086;S;250000;F;44;P;7500;0.38898;A
1087;S;250000;F;25;S;15000;0.81611;Y
1088;S;250000;F;48;P;7500;-0.11207;U
1089;S;25000;F;22;PS;15000;-1.06129;N
1090;S;25000;F;63;P;15000;-0.27926;Y
1091;S;25000;M;57;P;15000;0.74066;Y
1092;S;25000;M;22;S;35000;-1.19945;N
1093;S;25000;M;25;P;7500;-1.09176;U
1094;S;25000;F;21;S;2500;-0.80256;N
1095;S;25000;F;51;PS;35000;1.38626;Y
1096;S;25000;M;70;P;15000;-0.48681;U
1097;S;25000;M;36;PS;15000;-0.90237;N
1098;S;25000;M;25;P;15000;-0.79222;N
1099;S;25000;F;24;PS;15000;0.58929;U
1100;S;25000;M;58;S;75000;1.55477;Y
1101;S;25000;F;59;P;15000;-1.29617;N
1102;S;25000;M;28;P;7500;-1.11956;N
1103;S;25000;F;21;S;35000;-0.40754;N
1104;S;25000;M;21;PS;15000;-0.79464;N
1105;S;25000;F;38;PS;75000;-1.29617;N
1106;S;25000;M;70;P;35000;-0.91196;U
1107;S;25000;F;60;S;15000;1.43203;Y
1108;S;25000;F;25;P;15000;-0.76597;N
1109;S;15000;F;38;P;15000;-0.60892;U
1110;S;15000;F;24;S;7500;1.27453;U
1111;S;15000;M;20;P;7500;-0.44311;N
1112;S;15000;M;58;P;7500;1.46885;Y
1113;S;15000;M;58;P;7500;1.68819;Y
1114;S;15000;F;69;S;15000;1.03459;Y
1115;S;15000;M;29;P;15000;0.32316;Y
1116;S;15000;F;34;S;35000;-0.38947;U
1117;S;15000;F;47;S;7500;-1.00879;N
1118;S;15000;F;62;P;7500;0.24454;U
1119;S;15000;F;27;S;7500;-1.00877;N
1120;S;15000;M;69;P;7500;1.5877;Y
1121;S;15000;F;70;P;7500;0.90441;Y
1122;S;15000;M;35;P;7500;0.17868;Y
1123;S;15000;M;19;S;15000;-0.86197;N
1124;S;15000;F;37;P;7500;1.5877;Y
1125;S;15000;F;21;S;15000;-0.99603;N
1126;S;15000;M;20;P;7500;-0.96762;N
1127;S;15000;M;19;S;35000;0.11796;U
1128;S;45000;M;28;S;15000;-1.1464;N
1129;S;45000;M;41;S;35000;-0.21053;N
1130;S;45000;M;23;P;2500;0.95611;N
1131;S;45000;F;36;S;15000;-1.04877;N
1132;S;45000;F;27;S;7500;-1.21695;N
1133;S;45000;M;64;S;15000;-0.88369;N
1134;S;45000;M;31;S;7500;-1.04155;N
1135;S;45000;M;49;PS;7500;0.4324;Y
1136;S;45000;M;25;PS;15000;-1.29617;N
1137;S;45000;F;33;P;7500;-0.25351;N
1138;S;45000;F;22;P;15000;-0.72379;Y
1139;S;45000;M;63;P;35000;0.81197;Y
1140;S;45000;F;67;P;7500;-0.62189;N
1141;S;45000;F;26;S;7500;-1.22285;U
1142;S;45000;F;49;P;15000;-1.29617;N
1143;S;45000;M;30;PS;15000;-0.51062;N
1144;S;25000;F;58;P;2500;-0.93163;N
1145;S;25000;M;66;P;2500;1.48145;Y
1146;S;25000;F;37;P;7500;0.93681;U
1147;S;25000;F;28;P;7500;1.25522;Y
1148;S;25000;M;20;S;2500;0.0072;N
1149;S;25000;M;49;P;7500;1.29306;Y
1150;S;25000;F;30;S;7500;1.5877;Y
1151;S;25000;F;67;P;15000;1.39971;Y
1152;S;25000;F;31;P;7500;1.24248;Y
1153;S;25000;M;33;S;15000;-0.20032;U
1154;S;25000;M;29;P;2500;-1.29617;N
1155;S;25000;M;69;P;7500;1.18476;Y
1156;S;25000;F;27;S;15000;0.35728;Y
1157;S;25000;F;20;P;2500;1.22013;Y
1158;S;25000;F;38;P;15000;0.95449;Y
1159;S;25000;M;24;S;7500;0.36676;N
1160;S;25000;M;34;PS;15000;0.06712;A
1161;S;8750;M;28;PS;75000;-0.18762;A
1162;S;8750;M;70;P;7500;0.94771;U
1163;S;8750;F;38;S;15000;1.18423;Y
1164;N;8750;F;32;P;7500;1.22566;Y
1165;S;8750;F;24;P;7500;1.38957;Y
1166;S;8750;F;37;S;7500;1.33244;Y
1167;S;8750;M;50;P;7500;1.5935;Y
1168;S;8750;M;50;P;7500;1.19527;Y
1169;S;8750;M;29;P;15000;1.35218;U
1170;S;8750;M;26;S;7500;1.2728;Y
1171;S;8750;M;37;PS;7500;-1.04106;N
1172;S;8750;F;20;P;2500;1.47476;Y
1173;S;8750;F;36;P;35000;-0.98395;U
1174;S;8750;M;38;P;15000;1.5038;Y
1175;S;8750;F;26;P;7500;1.20337;Y
1176;S;8750;M;46;S;7500;1.44322;Y
1177;S;8750;F;68;P;15000;0.06376;U
1178;S;8750;F;37;P;2500;1.456;Y
1179;S;8750;M;34;PS;75000;0.8459;U
1180;S;45000;F;46;PS;35000;1.17549;Y
1181;S;45000;M;47;S;75000;-1.22876;N
1182;S;45000;F;20;S;35000;0.2422;N
1183;S;45000;M;26;P;15000;0.67166;Y
1184;S;45000;M;19;S;75000;1.21306;Y
1185;S;45000;F;20;S;15000;1.19375;Y
1186;S;45000;F;65;P;7500;1.5877;Y
1187;S;45000;M;45;P;7500;1.5877;Y
1188;S;45000;M;27;S;35000;0.83702;Y
1189;S;45000;F;40;PS;35000;0.91251;U
1190;S;45000;F;33;PS;15000;1.47024;Y
1191;S;45000;M;37;PS;35000;-0.26722;N
1192;S;45000;M;32;P;35000;1.3526;Y
1193;S;45000;F;30;P;7500;0.07743;A
1194;S;45000;F;44;P;15000;1.13002;Y
1195;S;45000;F;60;P;7500;1.29953;U
1196;S;45000;M;37;S;15000;-1.15543;A
1197;S;25000;F;58;P;7500;0.50186;N
1198;S;25000;M;35;P;15000;0.10046;U
1199;S;25000;M;47;S;35000;1.47615;Y
1200;S;25000;F;45;P;7500;0.02279;A
1201;S;25000;F;45;P;7500;1.5877;Y
1202;S;25000;M;21;S;15000;1.08435;Y
1203;S;25000;F;18;PS;35000;1.36539;Y
1204;S;25000;F;25;PS;35000;-1.29617;N
1205;S;25000;M;65;PS;35000;-1.22876;N
1206;S;25000;F;47;P;2500;1.5877;Y
1207;S;25000;M;56;P;7500;0.229;N
1208;S;25000;M;59;P;15000;-0.2766;Y
1209;S;25000;F;23;P;7500;0.27658;Y
1210;S;25000;M;19;S;15000;1.29798;Y
1211;S;25000;M;38;S;35000;-0.28181;N
1212;S;25000;F;48;P;7500;0.36525;Y
1213;S;25000;M;27;P;7500;1.47024;Y
1214;S;25000;F;18;P;7500;-1.29617;N
1215;S;25000;M;26;P;7500;0.9508;Y
1216;S;25000;M;24;P;15000;-1.15693;N
1217;S;25000;M;29;S;15000;-0.33243;N
1218;S;25000;F;33;P;7500;1.29012;Y
1219;S;25000;M;36;S;15000;1.50846;Y
1220;S;25000;M;35;S;35000;1.00996;Y
1221;S;25000;F;54;S;35000;-1.21695;N
1222;S;25000;F;20;S;35000;0.41846;U
1223;S;25000;M;46;S;75000;1.48735;Y
1224;S;25000;F;24;S;35000;-0.26866;N
1225;S;25000;F;24;P;2500;0.90932;Y
1226;S;25000;M;20;PS;35000;-0.08054;Y
1227;S;25000;M;41;S;35000;0.82505;Y
1228;S;25000;M;48;P;15000;-0.70898;N
1229;S;25000;F;50;P;35000;0.14576;U
1230;S;25000;F;34;P;7500;1.2641;Y
1231;S;25000;M;43;P;15000;0.97998;Y
1232;S;25000;M;18;S;7500;-0.85414;N
1233;S;25000;F;36;P;7500;1.58486;Y
1234;S;25000;F;57;P;7500;-0.35168;N
1235;S;250000;M;21;PS;7500;0.62396;A
1236;S;250000;M;36;PS;75000;1.43653;Y
1237;S;250000;F;43;P;7500;-0.20299;Y
1238;S;250000;F;30;S;35000;-0.82983;U
1239;S;250000;F;33;S;15000;0.32316;U
1240;S;250000;F;38;P;15000;-0.44442;N
1241;S;250000;M;28;S;15000;-0.07212;U
1242;S;250000;F;36;S;15000;0.91548;U
1243;S;250000;F;22;S;35000;0.32842;Y
1244;S;250000;M;36;S;35000;1.12564;Y
1245;S;250000;F;32;PS;35000;0.2002;A
1246;S;250000;M;29;S;75000;-1.08646;N
1247;S;250000;F;31;S;75000;0.18242;U
1248;S;250000;M;45;S;75000;1.01395;Y
1249;S;250000;F;38;S;35000;-1.29617;N
1250;S;250000;M;56;S;35000;-0.93647;U
1251;S;250000;M;48;P;35000;0.11316;Y
1252;S;250000;F;29;PS;200000;-1.29617;N
1253;S;250000;F;49;S;125000;0.06119;Y
1254;S;250000;M;18;S;75000;-1.22285;N
1255;S;250000;F;32;PS;75000;1.01661;Y
1256;S;250000;F;57;S;35000;0.27836;U
1257;S;250000;F;39;P;7500;-0.55281;N
1258;S;250000;M;25;S;15000;-0.48886;U
1259;S;250000;M;65;PS;35000;-1.23032;N
1260;S;250000;F;52;P;15000;-0.87337;N
1261;S;250000;M;64;P;7500;-1.12468;N
1262;S;250000;F;38;S;2500;0.47106;U
1263;S;250000;F;35;P;35000;0.65343;U
1264;S;250000;M;20;P;15000;-0.68757;N
1265;S;250000;F;40;P;7500;-0.03691;Y
1266;S;250000;F;21;S;7500;1.1925;A
1267;S;250000;M;68;S;35000;-1.04094;N
1268;S;250000;M;31;P;15000;1.36267;Y
1269;S;250000;M;23;S;125000;-1.06402;N
1270;S;250000;F;18;S;35000;-1.16969;U
1271;S;250000;F;31;S;7500;0.59524;U
1272;S;250000;M;22;S;35000;-0.96697;N
1273;S;250000;M;37;S;35000;1.36617;A
1274;S;15000;F;59;P;75000;1.325;Y
1275;S;15000;F;23;S;35000;1.51515;Y
1276;S;15000;M;38;P;15000;0.23917;U
1277;S;15000;F;41;P;7500;-0.72318;N
1278;S;15000;M;43;P;15000;0.59896;Y
1279;S;15000;M;23;PS;7500;1.5877;Y
1280;S;15000;F;35;P;15000;1.5877;Y
1281;S;15000;M;60;P;7500;0.57763;N
1282;S;15000;F;36;S;2500;0.19238;U
1283;S;15000;M;43;S;15000;-0.43921;U
1284;S;15000;F;35;PS;35000;1.5877;Y
1285;S;15000;M;22;P;7500;0.67327;N
1286;S;15000;M;25;P;15000;-0.97709;N
1287;S;15000;M;66;P;15000;1.57366;Y
1288;S;15000;F;33;P;15000;1.40952;Y
1289;S;15000;M;59;P;7500;1.5877;Y
1290;S;15000;F;67;P;7500;0.51637;N
1291;S;15000;M;21;P;15000;-1.00723;N
1292;S;15000;M;54;P;15000;0.20137;Y
1293;S;15000;F;35;S;35000;0.16992;A
1294;N;15000;M;21;PS;35000;1.29424;Y
1295;S;15000;M;55;S;35000;-1.29617;N
1296;S;15000;M;66;P;15000;-1.29617;N
1297;S;15000;M;68;P;7500;0.97936;Y
1298;S;15000;F;20;P;2500;0.09844;Y
1299;S;15000;F;31;S;35000;0.65654;U
1300;S;15000;M;23;S;35000;-1.11878;N
1301;S;15000;M;27;S;7500;0.57369;Y
1302;S;15000;M;60;S;7500;0.31993;U
1303;S;15000;F;43;P;7500;1.06426;Y
1304;S;15000;M;34;P;15000;1.5877;U
1305;S;15000;M;43;P;35000;-0.54177;N
1306;S;15000;M;37;S;35000;1.26614;Y
1307;S;15000;F;48;P;2500;0.89357;U
1308;S;15000;F;28;P;7500;1.1521;U
1309;S;25000;F;21;S;35000;-0.80987;N
1310;S;25000;M;50;S;75000;-0.05229;U
1311;S;25000;F;45;S;35000;-0.41564;U
1312;S;25000;M;30;S;35000;0.30179;Y
1313;S;25000;F;69;S;7500;-0.11321;U
1314;S;25000;F;28;P;35000;0.19238;U
1315;S;25000;F;37;P;2500;-0.36626;A
1316;S;25000;M;30;S;2500;1.00098;Y
1317;S;25000;M;21;P;35000;-0.35694;N
1318;S;25000;F;40;P;2500;-0.23049;U
1319;S;25000;M;57;P;7500;0.10233;Y
1320;S;25000;M;27;S;15000;-0.43537;N
1321;S;25000;F;18;S;2500;1.56059;Y
1322;S;25000;F;25;P;7500;1.36755;Y
1323;S;25000;F;49;P;2500;0.16314;Y
1324;S;25000;M;18;S;7500;-1.21834;N
1325;S;25000;M;47;PS;35000;-1.14049;N
1326;S;25000;F;22;P;15000;1.54947;Y
1327;S;125000;M;43;PS;75000;-0.92993;N
1328;S;125000;F;52;P;15000;0.9584;Y
1329;S;125000;F;24;S;15000;-0.67175;A
1330;S;125000;M;18;S;15000;-0.98612;N
1331;S;125000;M;28;PS;75000;-1.14049;N
1332;S;125000;M;43;P;200000;1.50201;Y
1333;S;125000;F;23;S;35000;-1.26853;N
1334;S;125000;M;23;PS;35000;-1.03486;N
1335;S;125000;M;42;PS;35000;0.66881;U
1336;S;125000;M;20;S;15000;0.52377;U
1337;S;125000;F;20;PS;35000;-1.0495;N
1338;S;125000;F;48;P;15000;-0.90176;U
1339;S;125000;M;36;S;15000;0.60546;U
1340;S;125000;F;33;P;75000;-1.29617;N
1341;S;125000;F;38;PS;125000;-0.15788;N
1342;S;125000;M;37;P;35000;1.28625;Y
1343;S;125000;M;22;PS;200000;1.12564;Y
1344;S;125000;M;42;PS;200000;1.54808;Y
1345;S;125000;F;19;PS;200000;1.54808;Y
1346;S;15000;M;41;P;15000;1.37299;Y
1347;S;15000;F;23;S;7500;0.68101;Y
1348;S;15000;M;56;P;7500;0.35966;U
1349;S;15000;F;44;P;75000;1.40449;Y
1350;S;15000;F;33;P;15000;-1.29617;N
1351;S;15000;M;19;S;15000;1.71355;Y
1352;S;15000;M;37;P;35000;1.43203;Y
1353;S;15000;F;62;P;2500;1.26728;U
1354;S;15000;F;36;P;15000;0.8591;U
1355;S;15000;F;26;PS;35000;-1.04234;N
1356;S;15000;F;36;P;35000;0.13228;U
1357;S;15000;M;40;PS;75000;0.41409;N
1358;S;15000;M;22;P;15000;1.14114;Y
1359;S;15000;M;32;P;15000;1.45955;Y
1360;S;15000;F;19;P;2500;0.50295;Y
1361;S;15000;M;34;S;75000;1.36617;Y
1362;S;15000;M;69;P;15000;1.39479;Y
1363;S;15000;F;32;S;35000;0.52178;Y
1364;S;15000;F;39;P;2500;0.39966;Y
1365;S;25000;F;31;P;7500;1.50986;Y
1366;S;25000;F;57;P;7500;1.54731;U
1367;S;25000;M;28;P;15000;0.67731;U
1368;S;25000;M;33;P;15000;-0.82779;U
1369;S;25000;M;63;S;35000;1.01347;Y
1370;S;25000;F;36;P;15000;0.49424;U
1371;S;25000;M;52;S;7500;0.77456;Y
1372;S;25000;F;44;P;35000;0.52212;Y
1373;S;25000;M;19;S;2500;1.40641;U
1374;S;25000;F;27;S;35000;0.92562;A
1375;S;25000;F;29;S;2500;-1.25656;U
1376;S;25000;M;24;P;2500;-1.25656;U
1377;S;25000;F;59;P;7500;-1.29617;Y
1378;S;25000;F;31;S;15000;1.00888;Y
1379;S;25000;F;45;S;7500;1.09242;Y
1380;S;25000;F;19;PS;15000;-0.14866;A
1381;S;25000;M;37;PS;7500;-0.61342;N
1382;S;25000;M;36;S;7500;0.84092;A
1383;S;25000;M;21;P;7500;0.73054;Y
1384;S;125000;F;59;P;15000;-0.89099;U
1385;S;125000;F;32;PS;35000;1.06803;Y
1386;S;125000;M;47;P;35000;-1.18323;N
1387;S;125000;M;18;S;35000;-0.92939;N
1388;S;125000;M;34;S;15000;-0.75084;N
1389;S;125000;F;24;S;35000;-1.25795;N
1390;S;125000;F;52;P;35000;1.09454;Y
1391;S;125000;F;54;P;35000;1.34252;Y
1392;S;125000;F;45;P;2500;1.27772;U
1393;S;125000;F;32;P;7500;-0.0968;U
1394;S;125000;M;40;P;7500;0.70614;U
1395;S;125000;M;34;P;7500;-0.84411;N
1396;S;125000;M;44;P;15000;-0.12988;A
1397;S;125000;M;39;S;75000;-1.14049;N
1398;S;125000;F;40;S;125000;0.14576;A
1399;S;125000;F;55;P;2500;-1.00723;N
1400;S;125000;F;21;P;15000;0.11541;Y
1401;S;125000;M;18;S;7500;-1.15309;N
1402;S;125000;M;70;S;75000;1.05894;Y
1403;S;125000;F;31;S;125000;1.43203;Y
1404;S;125000;F;35;PS;75000;1.03393;Y
1405;S;125000;F;40;S;35000;0.43786;Y
1406;S;125000;M;27;PS;125000;-0.32494;N
1407;S;125000;F;55;P;15000;-0.36459;A
1408;S;125000;F;28;P;15000;1.49187;Y
1409;S;125000;F;41;P;15000;-0.66172;N
1410;S;125000;M;36;P;75000;0.84959;U
1411;S;125000;M;19;S;7500;-0.17095;Y
1412;S;125000;F;29;S;15000;-1.07733;U
1413;S;125000;M;47;S;35000;1.43203;Y
1414;S;125000;M;30;S;15000;-0.93468;N
1415;S;125000;M;22;S;15000;-1.18993;N
1416;S;125000;F;43;S;15000;1.03251;Y
1417;S;125000;F;67;P;15000;1.00184;Y
1418;S;125000;M;22;S;35000;-0.84201;N
1419;S;125000;F;29;P;7500;1.44774;Y
1420;S;125000;F;24;S;35000;1.24184;Y
1421;S;125000;M;49;P;35000;1.5877;Y
1422;S;15000;F;21;P;7500;-1.14317;N
1423;S;15000;F;58;P;15000;1.32577;Y
1424;S;15000;M;62;S;35000;1.12272;Y
1425;S;15000;M;47;S;125000;0.66292;Y
1426;S;15000;M;23;S;15000;-1.00193;N
1427;S;15000;M;66;P;7500;1.17153;U
1428;S;15000;F;30;S;7500;0.99168;Y
1429;S;15000;F;36;PS;75000;1.47693;Y
1430;S;15000;M;29;P;15000;1.3991;U
1431;S;15000;F;31;P;15000;1.31661;Y
1432;S;15000;M;58;P;2500;-0.76995;U
1433;S;15000;F;57;P;7500;-1.22954;U
1434;S;15000;M;26;P;2500;-1.15762;N
1435;S;15000;F;25;S;200000;1.5877;U
1436;S;15000;F;48;P;75000;1.5877;Y
1437;S;15000;M;60;P;15000;1.16179;Y
1438;S;15000;F;27;P;7500;1.35;N
1439;S;125000;F;44;S;7500;-0.6549;N
1440;S;125000;F;22;S;7500;-1.10678;N
1441;S;125000;M;63;P;35000;1.32162;Y
1442;S;125000;M;28;S;35000;0.1252;Y
1443;S;125000;M;27;PS;35000;-0.99172;N
1444;S;125000;F;24;S;75000;1.37068;Y
1445;S;125000;M;32;S;15000;-1.18173;N
1446;S;125000;F;25;P;7500;-0.70047;N
1447;S;125000;M;39;P;7500;0.40746;U
1448;S;125000;M;31;P;75000;1.15958;U
1449;S;125000;M;41;S;15000;0.99704;N
1450;S;125000;M;42;PS;125000;0.12256;A
1451;S;125000;F;41;P;15000;1.20579;U
1452;S;125000;F;49;P;35000;1.23693;Y
1453;S;125000;M;39;PS;75000;-0.83444;N
1454;S;125000;F;25;S;35000;0.29024;Y
1455;S;125000;M;20;S;35000;-0.42725;Y
1456;S;125000;F;39;P;75000;-0.11784;Y
1457;S;25000;F;22;PS;15000;1.00318;Y
1458;S;25000;F;41;P;7500;1.00528;Y
1459;S;25000;M;64;PS;35000;1.5877;Y
1460;S;25000;M;18;S;15000;-0.839;N
1461;S;25000;F;19;S;7500;0.22416;N
1462;S;25000;M;38;P;15000;1.4029;Y
1463;S;25000;M;23;S;35000;0.34331;A
1464;S;25000;M;21;P;35000;0.74667;U
1465;S;25000;F;43;P;2500;-1.26524;N
1466;S;25000;F;51;P;2500;0.28952;U
1467;S;25000;M;39;P;7500;-0.82861;A
1468;S;25000;M;26;P;35000;-0.41063;N
1469;S;25000;F;33;S;35000;0.55175;Y
1470;S;25000;F;55;P;7500;-1.29617;U
1471;S;25000;F;40;P;2500;-0.30396;Y
1472;S;25000;F;70;P;15000;1.32577;Y
1473;S;25000;F;31;P;15000;-1.04981;U
1474;S;25000;M;43;P;35000;0.61457;Y
1475;S;25000;M;22;P;15000;1.51655;Y
1476;S;25000;F;24;S;35000;0.46682;N
1477;S;25000;F;24;P;35000;-0.25323;Y
1478;S;25000;M;38;P;35000;0.66157;Y
1479;S;25000;M;25;S;75000;1.25199;Y
1480;S;25000;M;28;S;75000;-0.89167;A
1481;S;25000;M;60;P;7500;0.34221;N
1482;S;25000;M;27;S;75000;-0.78296;U
1483;S;25000;F;37;S;7500;-1.25899;Y
1484;S;25000;F;26;P;7500;0.79717;Y
1485;S;25000;M;34;P;75000;0.31015;U
1486;S;25000;F;30;PS;35000;0.44087;A
1487;S;25000;F;41;S;35000;0.84982;A
1488;S;25000;F;37;P;15000;-0.98021;U
1489;S;25000;M;39;S;35000;0.75548;U
1490;S;25000;M;34;PS;75000;1.36206;Y
1491;S;25000;M;42;PS;125000;-1.03027;N
1492;S;25000;F;52;P;15000;1.31484;U
1493;S;25000;F;19;P;15000;0.22425;U
1494;S;25000;F;37;PS;35000;-0.16155;U
1495;S;25000;F;23;S;15000;-1.18602;N
1496;S;25000;M;32;S;75000;0.9301;U
1497;S;25000;M;42;S;125000;0.67322;A
1498;S;25000;M;32;S;35000;0.01598;U
1499;S;25000;M;45;P;7500;-1.14952;N
1500;S;25000;F;30;S;2500;-1.04842;N
1501;S;25000;M;30;S;2500;1.43653;Y
1502;S;25000;F;66;P;15000;1.5877;Y
1503;S;25000;F;22;P;2500;-0.97507;N
1504;S;25000;F;38;S;35000;-1.045;N
1505;S;25000;M;35;S;35000;-1.21974;N
1506;S;25000;M;65;P;15000;-1.29617;N
1507;S;25000;F;28;S;15000;-0.43759;A
1508;S;25000;M;59;S;35000;0.76631;Y
1509;S;25000;M;28;P;35000;1.27034;Y
1510;S;25000;F;21;S;35000;0.61585;Y
1511;S;25000;F;52;P;15000;0.9282;U
1512;S;25000;F;64;S;75000;-0.03354;N
1513;SA;250000;M;33;S;35000;-1.06452;N
1514;SA;250000;M;50;P;15000;0.45059;Y
1515;SA;250000;F;25;PS;35000;-1.29617;N
1516;SA;250000;F;55;S;15000;-1.10897;N
1517;SA;250000;M;27;PS;35000;0.20291;Y
1518;SA;250000;M;20;S;15000;-1.05543;N
1519;SA;250000;F;43;P;35000;0.49878;U
1520;SA;250000;M;40;PS;75000;1.24546;Y
1521;SA;250000;F;36;S;15000;-0.58334;A
1522;SA;250000;M;45;P;35000;-1.1113;N
1523;SA;250000;F;23;S;35000;0.62692;Y
1524;SA;250000;M;28;PS;75000;-0.93008;N
1525;SA;250000;M;44;S;75000;1.5877;Y
1526;SA;250000;F;22;PS;35000;-0.3024;U
1527;SA;250000;F;45;P;15000;-0.49024;Y
1528;SA;250000;M;42;P;7500;-1.12096;U
1529;SA;250000;F;37;P;15000;1.44774;U
1530;SA;250000;F;26;P;15000;0.30361;U
1531;SA;250000;M;33;PS;35000;-0.58329;N
1532;SA;250000;F;45;S;7500;0.19216;U
1533;SA;250000;M;53;PS;35000;-1.034;N
1534;SA;250000;F;24;PS;35000;-1.29617;N
1535;SA;250000;F;47;PS;75000;-0.40469;N
1536;SA;250000;F;36;PS;35000;-1.05877;N
1537;SA;250000;M;45;PS;125000;1.29875;Y
1538;SA;250000;F;39;S;125000;1.5877;Y
1539;SA;250000;F;35;S;35000;-0.75754;U
1540;SA;250000;F;53;S;35000;-0.37617;U
1541;SA;250000;M;20;S;75000;-0.78955;N
1542;SA;250000;M;50;P;15000;0.02737;Y
1543;SA;250000;F;67;P;7500;0.84968;Y
1544;SA;250000;F;30;S;35000;0.60127;Y
1545;SA;250000;F;65;P;15000;-1.06347;N
1546;SA;250000;M;33;S;15000;0.91949;U
1547;SA;250000;F;57;P;15000;0.06283;Y
1548;SA;250000;F;21;PS;35000;-0.36306;A
1549;SA;250000;M;28;S;15000;-1.02236;Y
1550;SA;250000;M;36;PS;15000;-1.15236;N
1551;SA;250000;M;38;PS;35000;-0.50707;N
1552;SA;250000;F;59;S;15000;-0.09055;U
1553;SA;250000;M;32;S;35000;-0.12109;U
1554;SA;250000;F;52;S;15000;-1.10692;N
1555;SA;250000;F;21;PS;15000;-0.89847;N
1556;SA;250000;F;23;PS;35000;-1.29617;N
1557;SA;250000;M;36;S;75000;1.25914;Y
1558;SA;250000;M;65;P;35000;1.55312;Y
1559;SA;250000;F;47;S;35000;0.1623;U
1560;SA;250000;F;32;P;2500;1.29311;Y
1561;SA;250000;F;44;PS;125000;1.47615;Y
1562;SA;250000;M;57;P;35000;-1.29617;N
1563;SA;250000;M;50;P;15000;0.6546;Y
1564;SA;250000;M;35;S;35000;0.36224;U
1565;SA;250000;F;20;PS;35000;0.88345;Y
1566;SA;250000;F;48;S;35000;-0.11023;U
1567;SA;250000;F;33;S;35000;0.94201;Y
1568;SA;250000;M;20;S;35000;0.42371;N
1569;SA;250000;M;36;S;35000;0.35407;Y
1570;SA;250000;M;70;S;15000;1.4103;Y
1571;SA;250000;M;67;P;7500;-1.07308;N
1572;SA;250000;M;25;S;15000;0.02663;U
1573;SA;250000;M;37;S;15000;-0.92721;N
1574;SA;250000;F;26;S;15000;1.36523;Y
1575;SA;250000;F;39;S;15000;0.63292;Y
1576;SA;250000;M;45;P;15000;-0.68375;N
1577;SA;250000;M;24;PS;35000;1.47164;Y
1578;SA;250000;F;32;P;7500;1.2092;U
1579;SA;250000;F;45;P;15000;-1.26247;N
1580;SA;250000;M;50;P;7500;-1.29617;N
1581;SA;250000;F;40;P;15000;-0.77529;U
1582;SA;250000;M;35;PS;75000;-0.8322;N
1583;SA;250000;M;28;S;15000;1.37129;Y
1584;SA;250000;M;47;P;7500;-1.29617;N
1585;SA;250000;M;21;S;15000;-1.04205;N
1586;SA;250000;F;39;P;35000;-1.17235;N
1587;SA;250000;F;20;PS;35000;-0.04348;N
1588;SA;250000;M;63;P;15000;1.5877;Y
1589;SA;250000;M;32;S;2500;-0.6265;N
1590;SA;250000;F;43;P;15000;1.33205;Y
1591;SA;250000;M;30;S;35000;1.24611;Y
1592;SA;250000;F;20;S;15000;1.4186;Y
1593;SA;250000;M;56;P;35000;-0.24431;U
1594;SA;250000;M;36;PS;35000;-1.29617;A
1595;SA;250000;M;27;PS;35000;-0.76483;N
1596;SA;250000;F;20;P;7500;0.96737;Y
1597;SA;250000;F;24;S;7500;-1.29617;N
1598;SA;250000;F;49;P;35000;-1.06985;N
1599;SA;250000;M;41;PS;35000;-0.25322;U
1600;SA;250000;M;18;S;35000;0.27038;N
1601;SA;250000;F;31;S;35000;1.6051;U
1602;SA;250000;M;37;PS;35000;-0.55383;N
1603;SA;250000;F;22;S;75000;1.40347;Y
1604;SA;250000;F;55;S;35000;-0.39484;U
1605;SA;250000;M;22;S;35000;-0.19563;U
1606;SA;250000;M;61;P;35000;0.46818;U
1607;SA;250000;M;62;P;35000;-0.40587;U
1608;SA;250000;F;27;P;125000;0.68235;A
1609;SA;250000;F;19;S;7500;0.48183;U
1610;SA;250000;F;46;S;35000;-1.26441;A
1611;SA;250000;M;36;S;15000;-1.1854;N
1612;SA;250000;F;60;P;35000;0.3834;Y
1613;SA;250000;M;34;PS;35000;0.54921;U
1614;SA;250000;M;22;S;15000;-1.11582;A
1615;SA;250000;F;47;P;15000;0.83048;Y
1616;SA;250000;M;43;S;35000;-0.1826;N
1617;SA;250000;M;49;P;35000;0.74014;U
1618;SA;250000;M;57;P;7500;-1.29617;N
1619;SA;250000;F;37;S;35000;-0.3003;U
1620;SA;250000;M;25;S;35000;-1.29617;N
1621;SA;250000;F;44;P;15000;1.32555;Y
1622;SA;250000;F;19;P;15000;-0.47883;U
1623;SA;250000;M;24;S;15000;0.72708;Y
1624;SA;250000;F;19;PS;35000;-0.82327;N
1625;SA;250000;M;18;S;15000;-1.25656;N
1626;SA;250000;F;38;P;15000;-1.29617;N
1627;SA;250000;F;36;S;2500;0.00744;U
1628;SA;250000;F;69;P;15000;1.25678;Y
1629;SA;250000;M;21;PS;75000;0.28707;Y
1630;SA;250000;F;25;PS;15000;1.09971;A
1631;SA;250000;M;42;S;35000;-0.62392;Y
1632;SA;250000;M;55;NA;7500;-1.12929;U
1633;SA;250000;M;49;S;35000;1.50986;Y
1634;SA;250000;F;40;S;15000;0.29175;U
1635;SA;250000;F;53;PS;15000;-0.27889;A
1636;SA;250000;M;22;S;35000;-0.43626;N
1637;SA;250000;M;45;S;35000;-0.18888;A
1638;SA;250000;F;18;S;200000;-1.18011;N
1639;SA;250000;F;21;PS;15000;-1.21834;N
1640;SA;250000;M;19;S;7500;-0.8308;N
1641;SA;250000;F;59;P;15000;-1.04005;U
1642;SA;250000;F;60;P;35000;-0.6809;N
1643;SA;250000;F;20;P;15000;-1.13038;N
1644;SA;250000;F;62;S;75000;1.5877;Y
1645;SA;250000;M;24;S;15000;-0.14715;Y
1646;SA;250000;F;70;P;35000;1.55399;Y
1647;SA;250000;M;42;S;35000;1.50846;A
1648;SA;250000;M;21;PS;35000;-1.22285;N
1649;SA;250000;F;50;S;75000;0.22716;Y
1650;SA;250000;F;60;P;35000;-0.57897;U
1651;SA;250000;F;22;P;75000;-1.12024;N
1652;SA;250000;F;56;S;35000;0.53532;Y
1653;SA;250000;M;22;S;15000;-1.29617;N
1654;SA;250000;F;42;S;35000;0.934;Y
1655;SA;250000;M;53;P;15000;1.4277;Y
1656;SA;250000;F;30;S;15000;-1.26325;N
1657;SA;250000;M;24;PS;200000;-1.00115;N
1658;SA;250000;F;37;S;35000;0.91144;Y
1659;SA;250000;M;55;PS;15000;-1.02974;N
1660;SA;250000;M;41;S;75000;-1.04685;N
1661;SA;250000;F;21;S;35000;-0.9465;A
1662;SA;250000;F;36;S;7500;-0.40386;A
1663;SA;250000;F;29;P;15000;-0.73164;A
1664;SA;250000;M;21;S;75000;-0.087;U
1665;SA;250000;M;55;P;15000;-1.16446;N
1666;SA;250000;F;59;S;15000;0.70457;U
1667;SA;250000;M;27;S;35000;0.18113;U
1668;SA;250000;F;30;S;35000;0.71686;A
1669;SA;250000;F;44;P;7500;-0.70865;U
1670;SA;250000;M;58;P;35000;-1.29617;N
1671;SA;250000;F;30;S;15000;-1.29617;N
1672;SA;250000;F;44;P;7500;-1.2204;N
1673;SA;250000;M;52;P;15000;0.94667;Y
1674;SA;250000;F;30;S;15000;-0.92566;N
1675;SA;250000;M;20;S;15000;-0.27723;U
1676;SA;250000;F;59;P;7500;-0.55051;U
1677;SA;250000;M;18;S;15000;1.20547;Y
1678;SA;250000;M;24;S;35000;1.15313;A
1679;SA;250000;F;21;S;35000;1.32923;Y
1680;SA;250000;M;49;P;7500;-0.15941;U
1681;SA;250000;M;58;S;35000;0.12745;Y
1682;SA;250000;F;25;S;15000;-1.30809;A
1683;SA;250000;M;21;S;35000;-1.11348;N
1684;SA;250000;F;60;S;15000;0.52689;U
1685;SA;250000;M;54;P;7500;-1.30296;U
1686;SA;250000;F;43;P;7500;-1.29617;N
1687;SA;250000;M;30;S;15000;0.66365;N
1688;SA;250000;M;49;S;35000;-0.95176;N
1689;SA;250000;F;54;P;2500;-0.25607;Y
1690;SA;250000;F;19;S;15000;-0.80563;U
1691;SA;250000;F;36;S;15000;-1.17637;U
1692;SA;250000;F;58;P;15000;0.82026;U
1693;SA;250000;M;42;S;35000;0.00476;U
1694;SA;250000;M;35;S;15000;0.24119;U
1695;SA;250000;F;44;P;35000;-0.69008;A
1696;SA;250000;F;23;PS;75000;0.17177;Y
1697;SA;250000;M;24;PS;35000;-0.76975;A
1698;SA;250000;M;60;P;35000;1.5877;Y
1699;SA;250000;M;54;P;7500;0.32214;U
1700;SA;250000;F;38;P;35000;-0.71844;Y
1701;SA;250000;M;40;S;35000;-1.29617;N
1702;SA;250000;M;18;S;7500;-0.60959;U
1703;SA;250000;F;49;P;35000;0.90167;Y
1704;SA;250000;M;43;PS;75000;1.33092;Y
1705;SA;250000;F;34;PS;75000;-1.22424;N
1706;SA;250000;F;54;P;35000;0.0032;U
1707;SA;250000;M;18;S;35000;-1.30351;N
1708;SA;250000;F;26;S;7500;-1.1212;U
1709;SA;250000;F;68;NA;7500;0.88202;Y
1710;SA;250000;M;52;S;7500;1.19812;Y
1711;SA;250000;M;55;S;2500;-1.29617;N
1712;SA;250000;M;23;S;15000;-1.29617;N
1713;SA;250000;M;38;P;15000;-1.19739;N
1714;SA;250000;F;36;P;2500;-1.05197;U
1715;SA;250000;F;46;P;7500;-0.98023;N
1716;SA;250000;F;33;P;7500;-1.12528;N
1717;SA;250000;M;43;S;15000;0.15515;U
1718;SA;250000;M;21;S;35000;0.60084;Y
1719;SA;250000;M;49;P;15000;1.35626;Y
1720;SA;250000;F;21;P;15000;1.19147;Y
1721;SA;250000;F;56;P;7500;0.38583;Y
1722;SA;250000;F;35;P;7500;-0.80037;U
1723;SA;250000;M;18;S;15000;1.02608;Y
1724;SA;250000;F;41;P;2500;-0.41295;U
1725;SA;250000;F;49;P;35000;0.38253;U
1726;SA;250000;M;37;S;35000;-1.29617;N
1727;SA;250000;M;55;P;7500;0.81641;U
1728;SA;250000;F;49;P;2500;1.29338;U
1729;SA;250000;M;22;S;7500;0.87797;N
1730;SA;250000;F;26;S;15000;0.12779;Y
1731;SA;250000;M;51;P;15000;1.47784;Y
1732;SA;250000;F;56;P;15000;-1.29617;N
1733;SA;250000;F;51;NA;7500;0.45718;U
1734;SA;250000;F;30;P;15000;1.03464;U
1735;SA;250000;M;45;S;15000;-1.21834;N
1736;SA;250000;M;31;P;35000;-0.53827;U
1737;SA;250000;M;35;P;7500;-0.93981;U
1738;SA;250000;M;53;P;15000;-1.18011;N
1739;SA;250000;M;63;P;35000;-1.29617;N
1740;SA;250000;F;25;S;7500;1.43653;Y
1741;SA;250000;F;40;P;2500;-1.30469;N
1742;SA;250000;F;54;P;7500;-1.21834;N
1743;SA;250000;F;62;P;35000;0.88557;Y
1744;SA;250000;F;19;S;35000;-1.25795;U
1745;SA;250000;M;26;S;15000;-0.71001;N
1746;SA;250000;M;61;P;7500;1.01062;Y
1747;SA;250000;F;67;NA;15000;1.05155;Y
1748;SA;250000;M;39;P;15000;-0.72982;A
1749;SA;250000;M;22;P;7500;-0.04564;Y
1750;SA;250000;M;21;S;15000;-1.29617;N
1751;SA;250000;F;59;P;7500;-0.17956;Y
1752;SA;250000;M;65;P;15000;0.04302;U
1753;SA;250000;F;61;P;7500;0.54606;Y
1754;SA;250000;F;30;P;7500;-0.25119;U
1755;SA;250000;M;27;S;35000;0.13241;Y
1756;SA;250000;M;60;P;15000;0.55837;Y
1757;SA;250000;M;33;S;75000;-1.19132;A
1758;SA;250000;F;32;S;35000;0.38569;U
1759;SA;250000;F;38;S;35000;-1.04685;U
1760;SA;250000;M;56;P;35000;0.41755;Y
1761;SA;250000;F;45;S;15000;0.89367;Y
1762;SA;250000;F;18;S;35000;0.43887;Y
1763;SA;250000;F;39;S;35000;-0.12671;U
1764;SA;250000;M;57;P;15000;0.53539;U
1765;SA;250000;M;51;P;7500;-1.29617;N
1766;SA;250000;M;32;S;15000;-0.84836;N
1767;SA;250000;M;70;P;35000;0.72449;Y
1768;SA;250000;F;20;S;15000;1.00364;Y
1769;SA;250000;F;46;S;7500;-0.42243;N
1770;SA;250000;F;55;P;35000;-0.55903;N
1771;SA;250000;M;23;S;35000;0.22104;A
1772;SA;250000;F;28;S;15000;-1.29617;N
1773;SA;250000;F;22;S;35000;-1.17702;U
1774;SA;250000;M;23;PS;35000;-1.30351;N
1775;SA;250000;F;37;P;35000;-1.12566;U
1776;SA;250000;M;47;S;15000;-0.80419;U
1777;SA;250000;M;42;P;35000;-0.86525;A
1778;SA;250000;F;47;S;15000;-1.22502;N
1779;SA;250000;F;45;S;125000;-0.60096;U
1780;SA;250000;M;18;S;75000;-1.06848;N
1781;SA;250000;F;27;P;7500;-0.05229;U
1782;SA;250000;F;48;P;35000;0.58275;Y
1783;SA;250000;F;18;S;35000;-1.29617;N
1784;SA;250000;F;33;P;2500;-0.32492;U
1785;SA;250000;M;27;S;7500;-1.34392;N
1786;SA;250000;M;48;P;35000;-1.19504;N
1787;SA;250000;F;45;P;35000;-0.49641;U
1788;SA;250000;F;32;PS;35000;-0.93492;U
1789;SA;250000;M;34;P;15000;-0.17177;U
1790;SA;250000;F;36;PS;35000;0.00055;U
1791;SA;250000;M;49;S;125000;-1.25795;N
1792;SA;250000;F;43;S;35000;0.25319;Y
1793;SA;250000;F;19;S;75000;1.35136;Y
1794;SA;250000;M;24;S;35000;-1.15762;N
1795;SA;250000;M;49;PS;35000;-1.14049;N
1796;SA;250000;M;24;PS;75000;-0.96014;N
1797;SA;250000;M;56;S;75000;-1.10273;N
1798;SA;250000;F;47;P;15000;1.54808;Y
1799;SA;250000;F;35;S;15000;-0.35334;A
1800;SA;250000;M;45;PS;35000;-1.04016;N
1801;SA;250000;F;26;S;15000;-1.14952;N
1802;SA;250000;M;48;S;7500;-0.46328;A
1803;SA;250000;M;20;S;35000;-1.07386;N
1804;SA;250000;F;26;S;125000;0.30352;Y
1805;SA;250000;F;64;P;2500;-1.29617;U
1806;SA;250000;M;41;S;15000;-1.29617;N
1807;SA;250000;M;22;S;35000;0.14497;U
1808;SA;250000;F;42;S;75000;-1.25656;N
1809;SA;250000;F;44;P;2500;-1.29617;N
1810;SA;250000;M;36;P;7500;-1.29617;N
1811;SA;250000;F;24;S;15000;-0.73585;A
1812;SA;250000;M;27;S;15000;-0.37315;N
1813;SA;250000;M;24;PS;15000;-0.65961;N
1814;SA;250000;F;30;S;35000;1.24478;Y
1815;SA;250000;M;47;P;35000;-0.98792;N
1816;SA;250000;F;55;P;15000;-0.10726;Y
1817;SA;250000;F;54;P;7500;-1.29617;N
1818;SA;250000;F;34;P;15000;-1.00272;U
1819;SA;250000;M;30;S;15000;-0.45937;U
1820;SA;250000;M;56;P;35000;-0.40479;Y
1821;SA;250000;F;42;S;15000;-0.35685;U
1822;SA;250000;F;43;P;7500;-1.29617;N
1823;SA;250000;M;68;P;7500;-0.70372;N
1824;SA;250000;F;23;PS;75000;0.11608;U
1825;SA;250000;M;33;S;35000;-1.14049;N
1826;SA;250000;F;69;S;35000;0.34293;U
1827;SA;250000;F;22;PS;75000;-1.26305;A
1828;SA;250000;M;33;S;15000;-0.10246;Y
1829;SA;250000;F;42;S;75000;1.26053;U
1830;SA;250000;M;62;S;35000;-0.96901;N
1831;SA;250000;F;20;S;35000;-1.29617;N
1832;SA;250000;M;58;PS;35000;-1.29617;N
1833;SA;250000;M;22;PS;35000;-1.1517;N
1834;SA;250000;M;37;S;35000;-1.03486;N
1835;SA;250000;F;42;S;35000;-1.29617;N
1836;SA;250000;F;36;S;35000;0.5922;Y
1837;SA;250000;F;25;S;35000;-1.08055;A
1838;SA;250000;M;62;S;75000;1.29875;Y
1839;SA;250000;M;34;S;35000;-0.82904;U
1840;SA;250000;F;55;P;7500;1.15429;U
1841;SA;250000;M;33;PS;75000;-0.86276;N
1842;SA;250000;M;45;S;35000;1.19997;Y
1843;SA;250000;M;60;S;35000;1.5877;Y
1844;SA;250000;F;27;S;7500;-1.29617;N
1845;SA;250000;F;50;S;75000;1.5877;Y
1846;SA;250000;M;22;S;35000;-0.78022;U
1847;SA;250000;F;35;P;15000;-0.51037;U
1848;SA;250000;M;28;S;7500;-1.29617;N
1849;SA;250000;M;63;P;35000;1.18876;Y
1850;SA;250000;F;27;P;7500;-1.29617;A
1851;SA;250000;M;50;S;35000;-1.23032;U
1852;SA;250000;F;42;P;75000;0.90769;U
1853;SA;250000;M;24;PS;35000;1.41464;Y
1854;SA;250000;F;24;PS;35000;0.06047;A
1855;SA;250000;M;28;S;35000;0.03189;U
1856;SA;250000;F;36;S;35000;1.1092;U
1857;SA;250000;M;64;P;2500;-0.23703;U
1858;SA;250000;F;48;P;15000;-0.16364;A
1859;SA;250000;M;44;PS;15000;-0.32082;U
1860;SA;250000;F;30;S;35000;-0.22533;A
1861;SA;250000;F;43;P;7500;0.13591;Y
1862;SA;250000;F;50;P;15000;0.5567;U
1863;SA;250000;M;60;P;35000;-0.88715;N
1864;SA;250000;F;22;P;7500;-0.63484;U
1865;SA;250000;M;23;P;7500;-1.10367;N
1866;SA;250000;F;60;P;2500;0.36597;Y
1867;SA;250000;M;19;S;15000;-1.29617;N
1868;SA;250000;F;39;S;7500;-0.56363;U
1869;SA;250000;M;38;P;15000;-0.40009;N
1870;SA;250000;M;37;S;7500;-0.66692;N
1871;SA;250000;M;35;P;15000;-1.29617;N
1872;SA;250000;M;59;S;35000;-1.29617;N
1873;SA;250000;F;35;P;35000;-1.13471;A
1874;SA;250000;F;68;P;2500;-1.04685;N
1875;SA;250000;F;42;P;15000;-0.62868;U
1876;SA;250000;M;25;S;15000;0.4566;Y
1877;SA;250000;F;28;P;7500;-1.29617;N
1878;SA;250000;F;45;P;15000;-0.42882;N
1879;SA;250000;F;38;P;15000;-0.7714;U
1880;SA;250000;F;23;PS;35000;-0.87985;U
1881;SA;250000;F;46;S;35000;-1.29617;N
1882;SA;250000;M;68;S;15000;1.5877;Y
1883;SA;250000;M;21;PS;75000;0.44665;A
1884;SA;250000;M;25;PS;35000;1.36539;Y
1885;SA;250000;F;36;S;35000;-1.29617;U
1886;SA;250000;F;22;PS;35000;0.15722;A
1887;SA;250000;F;61;S;35000;-1.29617;N
1888;SA;250000;M;19;S;7500;0.47772;A
1889;SA;250000;M;62;P;35000;-1.21834;N
1890;SA;250000;F;40;P;15000;1.5877;Y
1891;SA;250000;F;21;PS;35000;-1.72594;N
1892;SA;250000;F;25;P;7500;1.51869;Y
1893;SA;250000;M;35;S;35000;-0.89647;U
1894;SA;250000;F;40;P;7500;1.5877;Y
1895;SA;250000;F;43;S;2500;0.80245;N
1896;SA;250000;M;64;P;7500;-0.91383;U
1897;SA;250000;F;35;S;35000;1.1425;Y
1898;SA;250000;F;23;PS;35000;1.51515;Y
1899;SA;250000;F;39;P;75000;0.3898;Y
1900;SA;250000;M;18;PS;75000;1.40042;Y
1901;SA;250000;M;54;S;35000;1.46885;Y
1902;SA;250000;M;42;S;125000;-1.2105;N
1903;SA;250000;F;42;S;7500;-0.93171;N
1904;SA;250000;F;60;P;7500;1.37276;Y
1905;SA;250000;F;31;S;15000;-1.29617;A
1906;SA;250000;M;60;P;7500;0.09968;Y
1907;SA;250000;M;20;P;15000;-1.10678;N
1908;SA;250000;M;25;P;7500;-1.07069;N
1909;SA;250000;M;30;P;7500;0.99912;Y
1910;SA;250000;F;35;S;15000;-0.24978;N
1911;SA;250000;M;65;P;35000;-0.97492;N
1912;SA;250000;F;62;PS;15000;-1.06935;A
1913;SA;250000;F;50;S;75000;0.15413;Y
1914;SA;250000;F;20;S;35000;-0.73822;U
1915;SA;250000;M;24;P;15000;-1.26247;N
1916;SA;250000;F;61;P;2500;-1.18602;A
1917;SA;250000;M;44;P;35000;-0.16244;U
1918;SA;250000;M;59;P;7500;-0.97169;U
1919;SA;250000;F;23;P;7500;0.87023;Y
1920;SA;250000;M;22;S;35000;1.1763;U
1921;SA;250000;M;45;P;35000;0.20171;Y
1922;SA;250000;F;40;S;35000;-1.29617;N
1923;SA;250000;F;66;P;35000;-1.29617;N
1924;SA;250000;M;60;P;75000;1.55399;Y
1925;SA;250000;F;29;S;15000;-0.92834;A
1926;SA;250000;M;31;S;15000;1.16822;Y
1927;SA;250000;F;29;S;75000;-0.78516;U
1928;SA;250000;M;24;S;15000;-0.67418;Y
1929;SA;250000;M;59;P;35000;1.27849;Y
1930;SA;250000;F;29;S;75000;1.40361;Y
1931;SA;250000;F;48;P;15000;-0.05921;U
1932;SA;250000;F;45;P;35000;-1.03643;A
1933;SA;250000;F;23;S;35000;-1.15795;N
1934;SA;250000;M;70;P;7500;-1.25795;N
1935;SA;250000;M;34;PS;35000;-1.21777;N
1936;SA;250000;F;52;P;15000;-1.22954;U
1937;SA;250000;F;23;PS;15000;-1.14049;N
1938;SA;250000;M;18;S;35000;-1.25795;N
1939;SA;250000;F;46;NA;15000;-1.29617;N
1940;SA;250000;F;58;P;7500;1.37986;U
1941;SA;250000;M;67;P;15000;-1.2629;U
1942;SA;250000;F;23;P;7500;-0.26963;N
1943;SA;250000;M;43;P;15000;0.16466;U
1944;SA;250000;M;18;S;7500;-0.79979;Y
1945;SA;250000;M;43;P;75000;1.44541;Y
1946;SA;250000;F;45;P;35000;-1.06673;U
1947;SA;250000;F;57;P;7500;0.11796;U
1948;SA;250000;F;23;S;35000;-1.16369;N
1949;SA;250000;F;45;P;15000;1.42782;U
1950;SA;250000;M;37;P;15000;0.50129;N
1951;SA;250000;M;24;S;35000;1.25589;Y
1952;SA;250000;F;40;P;35000;-0.97614;N
1953;SA;250000;F;35;P;7500;1.54808;Y
1954;SA;250000;M;27;S;7500;0.19955;N
1955;SA;250000;M;45;P;35000;1.51515;Y
1956;SA;250000;M;43;P;2500;0.51876;A
1957;SA;250000;F;32;P;7500;-0.05572;A
1958;SA;250000;F;57;P;2500;0.19502;U
1959;SA;250000;M;28;S;15000;-0.86034;A
1960;SA;250000;F;46;P;15000;0.96365;Y
1961;SA;250000;M;38;S;2500;-0.96979;U
1962;SA;250000;F;25;S;15000;1.05131;Y
1963;SA;250000;M;18;S;15000;-0.88433;N
1964;SA;250000;F;39;P;15000;-1.20559;U
1965;SA;250000;M;44;S;7500;-0.07422;U
1966;SA;250000;M;46;P;15000;-1.1008;N
1967;SA;250000;F;20;P;7500;-1.21974;N
1968;SA;250000;F;60;P;15000;-1.11727;U
1969;SA;250000;M;20;S;35000;0.39838;U
1970;SA;250000;F;55;P;2500;-1.19286;N
1971;SA;250000;M;70;P;7500;0.18178;U
1972;SA;250000;F;18;S;15000;0.10006;U
1973;SA;250000;F;50;P;15000;0.14497;U
1974;SA;250000;M;38;P;35000;-1.21834;N
1975;SA;250000;M;55;P;35000;-1.21834;N
1976;SA;250000;M;18;S;35000;1.12067;Y
1977;SA;250000;F;40;P;35000;0.33514;Y
1978;SA;250000;M;21;S;35000;-1.21834;N
1979;SA;250000;M;49;P;15000;-1.21834;N
1980;SA;250000;M;37;S;15000;-1.04094;Y
1981;SA;250000;M;37;S;35000;1.04274;U
1982;SA;250000;M;36;S;15000;-1.18151;N
1983;SA;250000;F;24;S;7500;-1.29617;N
1984;SA;250000;M;25;PS;15000;-0.91941;N
1985;SA;250000;F;58;P;7500;1.5368;Y
1986;SA;250000;F;54;S;35000;1.47476;Y
1987;SA;250000;M;53;S;35000;-1.0444;N
1988;SA;250000;M;19;S;35000;-1.14719;N
1989;SA;250000;M;59;P;35000;0.20745;Y
1990;SA;250000;F;36;P;35000;-1.17871;N
1991;SA;250000;F;31;S;15000;0.93119;Y
1992;SA;250000;M;18;S;7500;1.18721;U
1993;SA;250000;M;43;P;15000;-0.92939;U
1994;SA;250000;M;27;S;15000;1.18527;U
1995;SA;250000;F;25;S;7500;1.1535;U
1996;SA;250000;F;45;P;15000;-1.29617;N
1997;SA;250000;M;18;S;35000;1.23212;Y
1998;SA;250000;M;38;P;15000;1.29875;Y
1999;SA;250000;M;66;P;15000;-0.91715;U
2000;SA;250000;M;55;P;15000;-1.29617;A
2001;SA;250000;F;37;P;15000;-0.29711;U
2002;SA;250000;F;39;P;15000;-0.76404;N
2003;SA;250000;M;65;P;2500;1.54947;Y
2004;SA;250000;M;29;S;15000;-0.14864;A
2005;SA;250000;M;39;P;15000;-0.45208;N
2006;SA;250000;F;27;S;15000;-1.29617;N
2007;SA;250000;F;48;S;15000;-1.25656;A
2008;SA;250000;M;18;S;15000;-0.42745;N
2009;SA;250000;M;27;PS;75000;-1.17723;N
2010;SA;250000;F;56;S;125000;-1.27876;A
2011;SA;250000;F;21;S;7500;-0.36225;A
2012;SA;250000;M;36;PS;75000;1.44593;Y
2013;SA;250000;F;28;S;15000;-0.60491;Y
2014;SA;250000;F;33;PS;35000;-0.67038;N
2015;SA;250000;F;51;P;35000;1.3309;Y
2016;SA;250000;M;51;PS;35000;-1.02895;N
2017;SA;250000;M;22;PS;15000;-0.55476;N
2018;SA;250000;F;25;P;15000;-1.10496;U
2019;SA;250000;F;36;P;7500;-0.39733;N
2020;SA;250000;F;45;S;35000;-1.29617;N
2021;SA;250000;M;21;P;7500;-1.29617;N
2022;SA;250000;M;38;P;7500;-1.14103;N
2023;SA;250000;F;28;PS;7500;-0.90906;N
2024;SA;250000;M;68;P;75000;-1.10507;U
2025;SA;250000;F;36;P;35000;-0.98083;U
2026;SA;250000;F;40;S;15000;-1.29617;N
2027;SA;250000;M;22;PS;15000;-1.2307;N
2028;SA;250000;M;28;PS;125000;-1.29617;N
2029;SA;250000;F;58;P;35000;0.93995;U
2030;SA;250000;F;26;S;15000;-0.30841;U
2031;SA;250000;F;69;S;35000;0.26058;U
2032;SA;250000;F;28;PS;35000;-0.8623;U
2033;SA;250000;F;66;P;15000;0.64595;U
2034;SA;250000;M;51;S;35000;1.53157;Y
2035;SA;250000;M;18;S;75000;-0.65243;U
2036;SA;250000;M;68;S;200000;1.48145;Y
2037;SA;250000;M;63;S;35000;1.3368;Y
2038;SA;250000;F;24;S;35000;-0.10004;A
2039;SA;250000;F;43;S;15000;-0.75506;U
2040;SA;250000;M;22;PS;35000;-0.92939;N
2041;SA;250000;M;19;S;125000;-1.04221;N
2042;SA;250000;F;53;P;15000;-0.36198;U
2043;SA;250000;F;21;S;35000;-0.79353;N
2044;SA;250000;M;40;PS;75000;1.5877;Y
2045;SA;250000;F;70;PS;75000;0.07535;U
2046;SA;250000;F;42;S;75000;0.04202;A
2047;SA;250000;F;29;S;15000;-1.25656;N
2048;SA;250000;M;60;S;75000;-1.10502;N
2049;SA;250000;M;44;S;35000;0.04743;U
2050;SA;250000;F;62;P;15000;1.5877;Y
2051;SA;250000;F;24;PS;35000;-1.29617;N
2052;SA;250000;M;25;PS;7500;-1.21974;N
2053;SA;250000;F;48;P;15000;0.1906;A
2054;SA;250000;F;59;S;35000;-0.74848;A
2055;SA;250000;M;68;S;35000;-1.25795;N
2056;SA;250000;F;26;S;35000;-1.10757;N
2057;SA;250000;M;57;S;75000;1.40361;Y
2058;SA;250000;M;19;S;15000;-1.25795;N
2059;SA;250000;F;22;S;35000;-0.44948;N
2060;SA;250000;F;54;P;15000;-1.14049;N
2061;SA;250000;F;67;S;7500;-0.11911;N
2062;SA;250000;M;65;P;75000;-1.08055;N
2063;SA;250000;M;33;P;15000;0.69205;U
2064;SA;250000;F;46;S;15000;1.01625;Y
2065;SA;250000;F;55;S;75000;-1.29617;N
2066;SA;250000;F;20;S;35000;-1.25795;N
2067;SA;250000;M;45;S;15000;0.57007;Y
2068;SA;250000;M;29;S;15000;-1.18323;N
2069;SA;250000;M;36;S;7500;-1.29617;N
2070;SA;250000;F;64;P;35000;-1.29617;N
2071;SA;250000;M;20;S;15000;-0.81078;N
2072;SA;250000;F;67;P;7500;-0.99558;N
2073;SA;250000;F;27;S;15000;-1.29617;N
2074;SA;250000;M;59;P;7500;-1.29617;N
2075;SA;250000;M;25;PS;35000;-1.18011;N
2076;SA;250000;F;23;PS;35000;-1.29617;N
2077;SA;250000;F;60;S;15000;-0.32866;U
2078;SA;250000;F;48;S;75000;-1.14579;N
2079;SA;250000;F;28;S;15000;-0.78735;Y
2080;SA;250000;F;48;P;7500;-1.03937;U
2081;SA;250000;M;45;S;15000;-1.14049;N
2082;SA;250000;M;26;S;15000;-0.9353;N
2083;SA;250000;F;37;P;35000;-1.18011;N
2084;SA;250000;F;24;S;35000;0.13025;N
2085;SA;250000;M;32;S;75000;0.27062;U
2086;SA;250000;F;38;PS;35000;-1.14049;N
2087;SA;250000;M;63;S;75000;-1.00723;U
2088;SA;250000;M;38;PS;75000;-1.29617;A
2089;SA;250000;M;36;PS;125000;-1.02263;N
2090;SA;250000;F;39;S;75000;-0.92939;U
2091;SA;250000;F;32;PS;75000;-1.29617;U
2092;SA;250000;M;35;S;75000;-0.01265;U
2093;SA;250000;F;37;PS;35000;-1.29617;N
2094;SA;250000;M;42;P;15000;-1.23032;N
2095;SA;250000;M;30;S;35000;-0.89647;U
2096;SA;250000;F;20;S;35000;-1.00607;U
2097;SA;250000;F;57;P;35000;1.32047;Y
2098;SA;250000;M;47;P;35000;-1.21834;N
2099;SA;250000;F;45;S;7500;-1.04094;N
2100;SA;250000;F;20;S;35000;-1.29617;N
2101;SA;250000;F;38;PS;15000;-0.95617;U
2102;SA;250000;M;47;P;35000;-1.14049;N
2103;SA;250000;M;22;S;35000;-1.21834;N
2104;SA;250000;F;21;S;15000;-0.64023;U
2105;SA;250000;F;36;P;35000;0.1869;U
2106;SA;250000;M;24;P;35000;-1.29617;N
2107;SA;250000;M;48;P;7500;0.51408;U
2108;SA;250000;M;40;S;15000;-0.37943;U
2109;SA;250000;F;19;S;15000;-0.68396;N
2110;SA;250000;M;43;P;35000;-1.105;N
2111;SA;250000;M;24;P;15000;-1.29617;N
2112;SA;250000;F;58;P;15000;-0.16141;Y
2113;SA;250000;F;40;P;7500;1.4612;U
2114;SA;250000;F;30;S;75000;-0.61249;N
2115;SA;250000;M;39;S;35000;0.95428;U
2116;SA;250000;F;37;PS;75000;-0.49725;N
2117;SA;250000;M;65;S;75000;0.61694;Y
2118;SA;250000;M;26;S;75000;-0.90783;N
2119;SA;250000;F;69;S;75000;1.5877;Y
2120;SA;250000;F;39;P;15000;-0.00248;U
2121;SA;250000;M;21;PS;75000;0.82279;Y
2122;SA;250000;F;30;S;125000;0.86028;Y
2123;SA;250000;M;62;S;125000;1.54808;Y
2124;SA;250000;M;30;S;75000;0.4505;N
2125;SA;250000;M;40;PS;35000;-1.07812;N
2126;SA;250000;F;26;PS;125000;-1.21834;N
2127;SA;250000;F;40;PS;125000;-0.97431;U
2128;SA;250000;M;50;PS;35000;-0.89595;N
2129;SA;250000;M;21;S;15000;-0.42948;N
2130;SA;250000;F;39;S;15000;1.5877;Y
2131;SA;250000;F;18;S;200000;-1.21834;N
2132;SA;250000;M;51;S;125000;-0.77762;N
2133;SA;250000;M;52;P;15000;-1.29617;N
2134;SA;250000;F;57;P;15000;-1.07801;U
2135;SA;250000;M;20;S;15000;-0.57538;Y
2136;SA;250000;F;29;S;35000;-1.23667;N
2137;SA;250000;F;29;S;15000;-0.4905;U
2138;SA;250000;F;37;S;35000;0.56853;U
2139;SA;250000;M;39;P;35000;-1.29617;N
2140;SA;250000;M;18;S;75000;0.12997;Y
2141;SA;250000;F;44;S;125000;0.59566;Y
2142;SA;250000;M;18;S;125000;-1.04094;A
2143;SA;250000;F;32;PS;35000;-1.2164;N
2144;SA;250000;M;41;PS;75000;-1.21834;N
2145;SA;250000;F;25;PS;35000;1.47725;Y
2146;SA;250000;F;50;PS;35000;-1.21695;N
2147;SA;250000;M;19;S;125000;-1.21923;U
2148;SA;250000;M;43;PS;200000;-1.19755;N
2149;SA;250000;M;37;PS;125000;-1.29617;N
2150;SA;250000;F;30;PS;200000;-1.14799;N
2151;SA;250000;F;25;PS;125000;0.12788;A
2152;SA;250000;F;54;S;200000;-1.07456;N
2153;SA;250000;M;36;PS;15000;-0.79562;N
2154;SA;250000;F;45;PS;125000;-0.89052;N
2155;SA;250000;M;33;PS;35000;0.49274;Y
2156;SA;250000;M;36;S;125000;-1.01959;N
2157;SA;250000;F;25;PS;200000;-0.70916;Y
2158;SA;250000;M;19;S;75000;-0.2023;N
2159;SA;250000;F;51;S;75000;0.79215;Y
2160;SA;250000;F;59;S;7500;0.34139;U
2161;SA;250000;F;44;P;15000;-0.98019;U
2162;SA;250000;F;24;S;35000;1.35051;U
2163;SA;250000;M;40;P;35000;0.80029;U
2164;SA;250000;M;35;S;35000;0.56362;U
2165;SA;250000;M;54;P;2500;-0.76673;U
2166;SA;250000;M;19;P;15000;0.81038;N
2167;SA;250000;F;59;P;15000;1.17809;Y
2168;SA;250000;F;43;P;2500;0.19986;U
2169;SA;250000;F;21;S;7500;-1.28924;N
2170;SA;250000;M;45;P;15000;-0.25284;Y
2171;SA;250000;F;18;S;15000;-1.11716;N
2172;SA;250000;F;39;PS;35000;1.51307;Y
2173;SA;250000;F;56;PS;35000;0.8355;Y
2174;SA;250000;M;25;S;35000;-1.10496;N
2175;SA;250000;M;20;P;7500;-1.14301;N
2176;SA;250000;F;23;P;15000;0.4373;Y
2177;SA;250000;F;48;P;7500;-1.20796;U
2178;SA;250000;M;52;S;7500;-0.54071;Y
2179;SA;250000;M;37;PS;35000;1.45597;Y
2180;SA;250000;F;32;S;15000;0.28981;U
2181;SA;250000;M;25;S;35000;-0.70525;N
2182;SA;250000;M;51;P;15000;1.3991;Y
2183;SA;250000;F;41;P;15000;-0.88148;U
2184;SA;250000;M;39;P;35000;1.09571;U
2185;SA;250000;F;45;S;7500;-1.07386;U
2186;SA;250000;M;20;S;15000;-0.40275;N
2187;SA;250000;F;21;S;15000;-1.15838;U
2188;SA;250000;M;70;P;15000;1.48678;Y
2189;SA;250000;M;36;S;15000;0.20902;A
2190;SA;250000;F;42;P;15000;0.03978;U
2191;SA;250000;F;43;S;15000;-1.21834;N
2192;SA;250000;F;20;S;15000;-0.58372;N
2193;SA;250000;M;34;S;35000;-0.65956;N
2194;SA;250000;M;60;P;2500;0.81317;Y
2195;SA;250000;M;36;S;35000;-1.2727;U
2196;SA;250000;M;21;S;15000;-0.31678;Y
2197;SA;250000;F;20;S;15000;-1.21974;N
2198;SA;250000;F;36;S;15000;-0.78437;U
2199;SA;250000;F;62;P;35000;0.19019;Y
2200;SA;250000;F;20;S;35000;-1.25795;N
2201;SA;250000;M;38;S;200000;-0.7933;N
2202;SA;250000;M;20;PS;75000;-1.11878;N
2203;SA;250000;M;35;PS;200000;1.2692;Y
2204;SA;250000;M;18;S;200000;0.53171;N
2205;SA;250000;F;29;S;75000;-0.16923;U
2206;SA;250000;F;18;S;125000;-1.1464;N
2207;SA;250000;F;43;S;75000;-0.08924;A
2208;SA;250000;M;42;PS;75000;1.16774;Y
2209;SA;250000;F;27;PS;200000;-1.10282;N
2210;SA;250000;M;32;PS;125000;-1.21974;N
2211;SA;250000;M;63;S;75000;0.49426;N
2212;SA;250000;F;36;PS;75000;0.18235;Y
2213;SA;250000;M;36;S;125000;0.51557;N
2214;SA;250000;M;33;PS;200000;-0.87064;N
2215;SA;250000;M;69;S;125000;1.38413;Y
2216;SA;250000;F;31;S;200000;-0.65985;N
2217;SA;250000;F;58;S;125000;0.8853;U
2218;SA;250000;F;42;S;125000;1.55399;Y
2219;SA;250000;F;22;PS;35000;-1.01283;N
2220;SA;250000;F;57;PS;15000;-1.29617;N
2221;SA;250000;F;43;PS;125000;-0.68084;N
2222;SA;250000;M;41;PS;75000;0.91259;Y
2223;SA;250000;M;28;PS;75000;-0.83829;N
2224;SA;250000;F;20;PS;200000;1.40361;Y
2225;SA;250000;F;24;PS;125000;-1.04256;N
2226;SA;250000;M;42;PS;125000;-1.29617;N
2227;SA;250000;M;61;PS;75000;1.55477;Y
2228;SA;250000;M;34;PS;125000;0.54349;N
2229;SA;250000;F;26;PS;200000;0.86287;Y
2230;SA;250000;F;60;PS;200000;1.39831;Y
2231;SA;250000;F;36;PS;200000;1.04278;Y
2232;SA;250000;F;41;PS;200000;-0.31354;U
2233;SA;250000;M;67;PS;200000;1.44244;Y
2234;SA;250000;F;50;S;200000;1.01542;Y
2235;SA;250000;M;46;PS;200000;0.8246;Y
2236;SA;250000;F;42;PS;35000;-1.10454;N
2237;SA;250000;F;46;S;125000;-1.02597;N
2238;SA;250000;F;31;S;75000;-1.21862;N
2239;SA;250000;M;28;PS;200000;1.21705;Y
2240;SA;250000;F;54;PS;15000;0.81109;Y
2241;SA;250000;F;36;PS;200000;-1.29617;N
2242;SA;250000;F;45;S;200000;-1.00115;A
2243;SA;250000;F;59;P;15000;0.88849;Y
2244;SA;250000;F;45;P;7500;0.51627;N
2245;SA;250000;F;24;PS;200000;-1.14049;N
2246;SA;250000;F;47;S;125000;1.07339;Y
2247;SA;250000;M;46;PS;200000;-0.66689;N
2248;SA;250000;F;21;PS;35000;-1.29617;N
2249;SA;250000;F;39;PS;200000;-1.25656;N
2250;SA;250000;F;36;S;75000;-0.94168;N
2251;SA;250000;F;58;S;35000;-0.40122;N
2252;SA;250000;M;53;S;125000;-1.0295;N
2253;SA;250000;F;26;PS;125000;-1.21834;N
2254;SA;250000;M;19;PS;200000;1.51858;Y
2255;SA;250000;M;53;PS;200000;-0.30982;U
2256;SA;250000;M;55;S;200000;1.27096;Y
2257;SA;250000;F;23;PS;200000;0.64011;Y
2258;SA;250000;F;58;S;125000;1.1348;Y
2259;SA;250000;M;60;PS;200000;1.21964;Y
2260;SA;250000;F;68;S;75000;0.84667;Y
2261;SA;250000;F;35;PS;200000;0.7711;Y
2262;SA;250000;M;27;PS;200000;1.29798;Y
2263;SA;250000;F;25;PS;125000;1.39006;Y
2264;SA;250000;F;62;S;35000;-0.95218;U
2265;SA;250000;M;70;PS;125000;-1.06052;N
2266;SA;250000;M;21;PS;200000;0.43376;Y
2267;SA;250000;F;35;PS;125000;1.15286;Y
2268;SA;250000;F;35;PS;200000;-0.93773;N
2269;SA;250000;F;27;PS;200000;0.97308;Y
2270;SA;250000;F;40;PS;200000;0.94765;N
2271;SA;250000;M;44;PS;200000;0.47231;Y
2272;SA;250000;M;40;P;15000;1.26093;Y
2273;SA;250000;F;27;P;7500;1.34623;U
2274;SA;250000;F;42;S;35000;0.13769;U
2275;SA;250000;M;29;S;35000;1.47615;Y
2276;SA;250000;F;42;S;15000;-0.15878;U
2277;SA;250000;M;23;S;15000;-1.29617;N
2278;SA;250000;F;53;P;15000;0.47051;U
2279;SA;250000;F;53;P;35000;0.13118;Y
2280;SA;250000;F;20;PS;35000;-0.01053;U
2281;SA;250000;M;44;S;35000;1.43793;Y
2282;SA;250000;M;39;PS;200000;1.33168;Y
2283;SA;250000;M;25;PS;125000;1.32577;Y
2284;SA;250000;F;64;S;35000;1.14675;Y
2285;SA;250000;F;30;PS;200000;-0.23212;U
2286;SA;250000;F;27;PS;125000;0.29437;N
2287;SA;250000;M;33;PS;75000;-1.11336;N
2288;SA;250000;M;59;PS;35000;-0.98643;N
2289;SA;250000;F;57;PS;75000;-0.62986;N
2290;SA;250000;F;28;PS;125000;1.51437;Y
2291;SA;250000;F;38;PS;125000;0.00744;U
2292;SA;250000;F;65;S;75000;-1.2727;N
2293;SA;250000;F;24;PS;75000;-0.45879;N
2294;SA;250000;M;18;S;125000;0.9846;Y
2295;SA;250000;M;45;PS;200000;1.14072;Y
2296;SA;250000;F;59;S;200000;-0.56959;N
2297;SA;250000;F;36;S;125000;-1.0404;N
2298;SA;250000;M;26;PS;75000;-0.41596;N
2299;SA;250000;F;24;S;75000;-0.84257;A
2300;SA;250000;F;44;PS;200000;-1.09949;N
2301;SA;250000;M;36;PS;200000;1.24045;Y
2302;SA;250000;F;19;PS;15000;-1.08103;U
2303;SA;250000;M;36;PS;35000;-0.59471;U
2304;SA;250000;F;37;P;15000;-1.25795;A
2305;SA;250000;M;65;PS;35000;-0.72986;U
2306;SA;250000;M;25;S;35000;-0.50191;N
2307;SA;250000;M;42;PS;35000;-1.29617;N
2308;SA;250000;F;48;S;15000;-0.69361;U
2309;SA;250000;F;64;P;35000;0.33848;U
2310;SA;250000;F;21;S;7500;-1.29617;U
2311;SA;250000;M;40;S;15000;-1.11196;N
2312;SA;250000;F;18;PS;75000;-0.89384;N
2313;SA;250000;M;18;S;35000;-0.29008;A
2314;SA;250000;M;70;P;35000;0.83966;U
2315;SA;250000;F;70;S;7500;0.63256;Y
2316;SA;250000;M;36;S;35000;1.12501;Y
2317;SA;250000;F;37;S;35000;1.5877;Y
2318;SA;250000;M;32;S;125000;0.6372;Y
2319;SA;250000;F;23;S;35000;-0.72594;U
2320;SA;250000;F;51;P;7500;1.50846;Y
2321;SA;250000;F;24;P;15000;0.47213;Y
2322;SA;250000;M;67;S;7500;1.54808;Y
2323;SA;250000;F;66;P;7500;0.59034;U
2324;SA;250000;F;26;S;15000;0.089;U
2325;SA;250000;M;43;PS;15000;-0.73756;N
2326;SA;250000;F;21;PS;7500;-1.15231;N
2327;SA;250000;F;54;P;15000;-1.29617;N
2328;SA;250000;F;57;P;2500;-1.18463;N
2329;SA;250000;M;33;S;15000;-1.29617;N
2330;SA;250000;F;49;P;35000;0.2803;Y
2331;SA;250000;F;49;P;35000;-1.29617;N
2332;SA;250000;F;18;S;15000;1.25462;Y
2333;SA;250000;F;44;P;7500;-1.29617;N
2334;SA;250000;F;23;S;7500;-1.29617;N
2335;SA;250000;F;37;S;15000;-0.88301;U
2336;SA;250000;M;65;S;35000;-1.25656;N
2337;SA;250000;F;47;S;75000;0.8666;Y
2338;SA;250000;F;18;S;75000;0.88085;Y
2339;SA;250000;F;68;P;15000;-0.94732;Y
2340;SA;250000;F;34;S;15000;-0.13523;N
2341;SA;250000;M;19;PS;15000;-0.43799;U
2342;SA;250000;F;37;P;35000;-1.06713;N
2343;SA;250000;M;46;S;15000;-0.03259;U
2344;SA;250000;F;56;P;7500;-1.08236;A
2345;SA;250000;M;43;P;15000;1.31037;U
2346;SA;250000;F;24;PS;35000;-0.27129;U
2347;SA;250000;M;40;P;7500;-0.7414;Y
2348;SA;250000;F;45;S;15000;-0.23627;U
2349;SA;250000;M;46;PS;125000;0.35459;Y
2350;SA;250000;F;25;S;15000;0.46676;U
2351;SA;250000;M;23;S;75000;-1.06529;N
2352;SA;250000;F;39;S;35000;-0.32437;U
2353;SA;250000;M;70;S;35000;-0.96744;N
2354;SA;250000;M;21;PS;15000;-0.57825;N
2355;SA;250000;M;64;S;35000;-1.29617;N
2356;SA;250000;F;18;S;7500;0.30916;N
2357;SA;250000;M;60;S;35000;-0.99525;N
2358;SA;250000;M;21;S;35000;-0.15297;N
2359;SA;250000;F;29;PS;15000;1.11064;Y
2360;SA;250000;F;36;S;35000;0.28844;Y
2361;SA;250000;F;62;S;15000;1.35;Y
2362;SA;250000;M;40;PS;15000;-1.1464;A
2363;SA;250000;F;44;P;7500;1.20702;Y
2364;SA;250000;F;21;S;35000;-1.25795;N
2365;SA;250000;M;34;S;15000;-0.77873;N
2366;M;62500;M;52;P;35000;1.5877;Y
2367;M;62500;F;33;P;125000;1.59296;Y
2368;M;62500;F;36;PS;15000;1.28539;Y
2369;M;62500;F;60;P;2500;0.14736;Y
2370;M;62500;M;32;P;7500;0.62706;A
2371;M;62500;M;34;S;15000;1.47693;Y
2372;M;62500;F;29;P;15000;0.96567;Y
2373;M;62500;F;32;P;2500;-1.16306;N
2374;M;62500;F;46;P;7500;-1.22114;Y
2375;M;62500;M;39;S;35000;0.76436;Y
2376;M;62500;F;22;S;35000;-0.70446;N
2377;M;62500;M;60;S;15000;-1.29617;N
2378;M;62500;F;38;P;15000;1.28086;Y
2379;M;62500;M;27;P;15000;-1.22876;N
2380;M;62500;F;37;P;15000;0.72189;U
2381;M;62500;M;25;S;7500;0.83264;Y
2382;M;15000;F;18;S;35000;1.28615;Y
2383;M;15000;F;35;P;7500;0.28762;U
2384;M;15000;M;18;S;35000;-0.50889;Y
2385;M;15000;M;65;P;35000;0.43236;Y
2386;M;15000;M;54;P;35000;0.73822;U
2387;M;15000;F;45;S;15000;1.08531;U
2388;M;15000;M;26;S;15000;-1.08862;N
2389;M;15000;F;26;PS;35000;-1.29617;N
2390;M;15000;F;33;P;7500;0.12468;U
2391;M;15000;F;57;P;2500;-0.15649;U
2392;M;25000;M;21;S;15000;0.80466;U
2393;M;25000;F;40;S;35000;-0.67588;N
2394;M;25000;F;35;P;15000;1.41575;U
2395;M;25000;F;19;P;7500;-0.5399;N
2396;M;25000;F;26;S;15000;-0.52483;U
2397;M;25000;F;68;P;35000;1.12768;U
2398;M;25000;M;25;S;7500;0.08413;A
2399;M;25000;M;60;P;35000;-0.98577;N
2400;M;25000;M;32;P;35000;1.29393;Y
2401;M;25000;F;42;P;7500;1.43577;Y
2402;M;25000;F;20;S;15000;1.61371;U
2403;M;25000;F;55;P;7500;-0.33917;Y
2404;M;25000;F;47;P;15000;0.78755;U
2405;M;87500;F;55;S;35000;1.44322;Y
2406;M;87500;M;27;S;75000;1.24288;N
2407;M;87500;F;40;S;15000;-0.09014;Y
2408;M;87500;M;42;S;75000;-0.43601;N
2409;M;87500;F;21;S;35000;0.95741;Y
2410;M;87500;M;18;S;15000;0.16797;N
2411;M;87500;M;38;P;15000;1.33029;U
2412;M;87500;F;22;P;35000;0.33831;U
2413;M;87500;F;67;P;7500;-1.29617;N
2414;M;87500;M;33;P;15000;-1.02512;Y
2415;M;87500;M;42;PS;125000;1.318;Y
2416;M;87500;F;27;S;35000;1.47693;Y
2417;M;87500;F;36;PS;75000;1.29875;Y
2418;M;87500;F;20;PS;75000;-0.6093;U
2419;M;87500;M;21;S;75000;-0.49903;N
2420;M;87500;M;26;S;15000;0.51739;Y
2421;M;87500;M;38;P;7500;-1.19458;U
2422;M;87500;F;41;P;35000;1.54243;Y
2423;M;87500;F;57;P;35000;1.54947;Y
2424;M;87500;F;21;P;35000;1.35;Y
2425;M;15000;M;34;P;15000;-1.33066;N
2426;M;15000;M;51;P;7500;-1.25795;N
2427;M;15000;F;25;P;2500;0.35489;Y
2428;M;15000;F;62;P;15000;1.44059;Y
2429;M;15000;M;32;S;15000;1.51655;Y
2430;M;15000;F;43;P;35000;-0.17755;Y
2431;M;15000;M;56;P;15000;1.46057;Y
2432;M;15000;M;20;P;35000;0.85425;Y
2433;M;15000;F;21;S;35000;1.22231;Y
2434;M;15000;F;19;P;2500;-0.33442;U
2435;M;15000;F;41;P;7500;-0.61449;U
2436;M;15000;M;42;S;35000;-0.00233;U
2437;M;15000;M;42;P;15000;-1.26247;N
2438;M;15000;F;28;P;15000;1.3295;Y
2439;M;15000;F;44;P;75000;1.42045;Y
2440;M;15000;M;20;PS;35000;1.38179;Y
